1,58,3885,314,12,839,14.5,2.6,533,12.1,0.2,38,6,22.1,412,2,1,6207,0,0,246,126,0,
2,57,3782,306,12,822,14.4,2.7,532,12.3,0.2,37,6,22.2,398,2,1,6063,0,0,237,123,0,
3,57,3782,306,12,822,14.4,2.7,532,12.3,0.2,37,6,22.2,398,2,1,6063,0,0,237,123,0,
28,63,4708,456,210,991,15.7,2.1,2827,37.5,1.9,61,10,16.2,789,8,3,10880,0,2,553,229,0,
29,61,4519,441,210,955,15.7,2.1,2799,38.2,2.0,60,10,15.9,784,8,3,10595,0,2,545,232,0,
32,63,4680,456,210,989,15.7,2.1,2823,37.6,1.9,61,10,16.2,789,8,3,10839,0,2,553,229,0,
34,63,6106,396,141,1274,20.2,3.2,180,2.9,1.9,48,9,26.5,493,9,7,7526,0,1,201,287,0,
2089,344,15498,1474,809,3201,9.3,2.2,7539,32.7,2.1,208,16,15.4,1241,47,7,38770,1,0,920,258,0,
2090,356,17372,1546,809,3530,9.9,2.3,8104,31.8,1.9,219,18,16.1,1791,47,7,41727,1,19,1345,358,0,
2091,356,17348,1547,809,3523,9.9,2.3,8057,31.7,1.9,219,18,16.1,1761,47,7,41645,1,19,1319,354,0,
44,65,8492,420,36,1586,24.4,3.7,802,8.6,0.3,43,3,36.9,1058,2,2,10790,3,12,553,490,1,
4141,85,6265,464,274,1246,14.7,2.7,313,4.8,3.5,57,11,21.9,735,17,4,7836,0,9,397,313,0,
46,65,8510,421,36,1590,24.5,3.7,803,8.6,0.3,43,3,37.0,1060,2,2,10810,3,12,554,491,1,
4144,70,3357,363,0,637,9.1,1.7,370,9.9,0.0,65,18,9.8,192,0,0,5108,0,0,74,117,1,
4145,71,3389,368,0,646,9.1,1.8,372,9.9,0.0,66,18,9.8,190,0,0,5164,0,0,74,115,1,
4146,70,3339,360,0,631,9.0,1.7,368,9.9,0.0,65,18,9.7,189,0,0,5077,0,0,74,114,1,
52,65,8500,420,36,1588,24.4,3.7,802,8.6,0.3,43,3,36.9,1059,2,2,10798,3,12,553,491,1,
53,24,2375,159,51,348,14.5,2.1,227,8.7,1.6,24,6,14.5,570,2,1,3279,0,1,462,106,0,
2108,56,5091,388,36,1080,19.3,2.8,418,7.6,0.6,33,9,32.7,702,2,2,6528,1,13,450,227,0,
2110,56,5039,384,36,1067,19.1,2.8,415,7.6,0.6,33,9,32.3,701,2,2,6457,1,12,455,223,0,
63,27,3072,191,78,763,28.3,3.9,286,8.5,1.9,19,2,40.2,896,4,3,4075,0,3,433,451,0,
65,27,3069,191,78,762,28.2,3.9,287,8.6,1.9,19,2,40.1,899,4,3,4072,0,3,433,454,0,
66,27,3065,191,78,760,28.1,3.9,287,8.6,1.9,19,2,40.0,897,4,3,4068,0,3,432,453,0,
4163,151,13852,778,851,2893,19.2,3.6,1160,7.7,4.4,103,15,28.1,2678,71,19,19382,0,69,2177,429,0,
70,57,4882,402,75,1127,19.8,2.7,644,11.7,1.1,30,9,37.6,519,2,1,6981,0,6,283,224,0,
71,62,4932,396,75,1113,18.0,2.7,683,12.2,1.0,34,10,32.7,452,2,1,7803,0,6,241,200,0,
72,57,4905,405,75,1133,19.9,2.7,649,11.7,1.1,30,9,37.8,510,2,1,7015,0,6,285,213,0,
4176,36,4245,284,105,952,26.4,3.3,205,4.6,1.9,28,8,34.0,494,9,2,5561,0,5,276,208,1,
4179,36,4383,300,95,984,27.3,3.2,216,4.7,1.7,28,8,35.1,520,6,2,5714,0,5,297,213,1,
2134,290,20741,1268,1144,3353,11.6,2.5,1283,5.8,3.8,193,22,17.4,1896,66,32,30057,5,19,1118,752,0,
87,106,7366,488,285,1423,13.4,2.9,271,3.5,2.5,85,18,16.7,750,18,8,11338,0,8,539,197,0,
4187,324,29281,2699,1958,6494,20.0,2.4,7689,20.8,4.1,234,26,27.8,2483,65,33,48251,0,28,1693,657,0,
93,106,7385,491,301,1427,13.5,2.9,277,3.6,2.6,85,18,16.8,747,19,8,11374,0,8,536,197,0,
95,46,2887,200,0,586,12.7,2.9,1086,27.3,0.0,32,12,18.3,335,0,0,5938,0,1,204,127,0,
96,47,3050,208,0,618,13.1,2.9,1126,27.0,0.0,33,12,18.7,348,0,0,6231,0,1,215,129,0,
98,46,2891,200,0,587,12.8,2.9,1086,27.3,0.0,32,12,18.3,335,0,0,5945,0,1,204,127,0,
4195,43,3170,259,0,714,16.6,2.8,54,1.7,0.0,30,8,23.8,948,0,0,4440,0,9,839,90,0,
2155,26,3142,111,80,671,25.8,6.0,430,12.0,1.6,23,3,29.2,629,2,1,4968,1,3,429,188,0,
2156,26,3094,111,80,658,25.3,5.9,428,12.2,1.6,23,3,28.6,608,2,1,4913,1,3,415,181,0,
2157,26,3102,111,80,660,25.4,5.9,430,12.2,1.6,23,3,28.7,611,2,1,4925,1,3,418,181,0,
2158,132,9883,655,209,2039,15.4,3.0,1161,10.5,1.4,78,11,26.1,718,10,5,14712,1,3,259,437,0,
2167,94,8965,537,2067,1198,12.7,2.2,1108,11.0,15.4,78,12,15.4,12862,93,34,13421,2,2,1040,11815,12,
2183,74,4804,429,90,1026,13.9,2.4,289,5.7,1.3,48,13,21.4,253,8,6,6974,4,1,144,95,0,
2184,74,4803,429,90,1026,13.9,2.4,289,5.7,1.3,48,13,21.4,253,8,6,6973,4,1,144,95,0,
2185,74,4808,429,90,1027,13.9,2.4,289,5.7,1.3,48,13,21.4,251,8,6,6980,4,1,144,93,0,
139,186,12518,491,1852,1768,9.5,3.6,3338,21.1,8.3,181,51,9.8,842,144,34,22328,7,8,494,321,0,
140,192,12918,522,1912,1850,9.6,3.5,3408,20.9,8.3,187,52,9.9,883,149,34,22985,7,8,523,333,0,
2193,155,14394,798,838,2986,19.3,3.6,1169,7.5,4.2,104,16,28.7,2751,72,19,20035,0,68,2221,459,0,
2198,84,7006,510,680,1584,18.9,3.1,575,7.6,7.3,39,5,40.6,1456,30,3,9295,8,4,946,492,11,
2200,84,6993,510,680,1584,18.9,3.1,575,7.6,7.3,39,5,40.6,1454,30,3,9280,8,4,944,492,11,
2201,82,6623,498,654,1500,18.3,3.0,531,7.4,7.4,39,5,38.5,1381,26,3,8813,8,3,898,466,11,
155,62,2690,196,128,454,7.3,2.3,477,15.1,2.4,54,9,8.4,169,4,4,5347,1,14,100,52,0,
156,62,2670,196,128,449,7.2,2.3,473,15.0,2.4,54,9,8.3,162,4,4,5319,1,11,97,51,0,
157,46,2137,156,126,344,7.5,2.2,403,15.9,2.9,45,9,7.6,147,6,6,4362,0,12,81,47,0,
4255,129,10911,745,138,2595,20.1,3.4,935,7.9,1.0,82,7,31.6,1620,12,7,14344,0,19,1225,375,0,
4259,128,11152,764,216,2555,20.0,3.3,961,7.9,1.5,82,7,31.2,1545,16,10,14750,0,19,1149,374,0,
4267,30,1568,126,0,284,9.5,2.1,43,2.7,0.0,25,11,11.4,112,0,0,2013,0,9,80,23,0,
4274,52,4576,329,0,841,16.2,2.5,309,6.3,0.0,44,15,19.1,199,0,0,5701,0,0,61,135,0,
4277,42,3618,362,96,1072,25.5,2.9,56,1.5,1.9,27,4,39.7,666,7,3,5180,9,3,480,174,11,
4285,147,15093,997,343,3411,23.2,3.0,1352,8.2,1.6,89,12,38.3,2453,18,8,21473,2,35,1720,677,0,
4292,204,14147,1237,0,3057,15.0,2.5,898,6.0,0.0,124,23,24.7,810,0,0,22619,1,1,470,333,0,
4294,201,13984,1224,0,3020,15.0,2.5,885,6.0,0.0,123,23,24.6,804,0,0,22341,1,1,457,338,0,
199,80,8905,510,1303,1728,21.6,3.3,1141,11.4,10.2,49,6,35.3,1427,83,13,12790,2,0,722,696,1,
200,80,8901,510,1303,1726,21.6,3.3,1141,11.4,10.2,49,6,35.2,1428,83,13,12784,2,0,722,697,1,
202,79,8793,499,1303,1706,21.6,3.4,1115,11.3,10.3,48,6,35.5,1418,83,13,12593,2,0,720,689,1,
2258,58,3132,300,0,644,11.1,2.1,228,6.8,0.0,29,4,22.2,352,0,0,4429,3,0,299,46,0,
227,37,3801,233,315,817,22.1,3.5,51,1.3,6.0,29,4,28.2,271,18,7,5210,12,1,168,90,0,
228,37,3844,234,305,823,22.2,3.5,51,1.3,5.8,29,4,28.4,273,18,7,5262,12,1,169,91,0,
235,51,4797,210,400,714,14.0,3.4,568,10.6,5.4,45,9,15.9,1454,20,11,7433,0,3,1254,195,1,
4335,42,3354,237,33,666,15.9,2.8,246,6.8,0.7,40,9,16.7,255,2,1,4936,0,0,135,113,0,
241,111,10640,737,77,1879,16.9,2.5,3413,24.3,0.4,104,17,18.1,1880,6,4,20985,4,6,1408,455,0,
243,110,10392,724,77,1826,16.6,2.5,3344,24.3,0.4,104,17,17.6,1777,6,4,20585,4,6,1336,424,0,
244,108,9909,699,108,1748,16.2,2.5,3282,24.9,0.5,103,17,17.0,1651,8,5,19930,4,3,1241,396,0,
2294,167,16195,1070,258,3646,21.8,3.4,1383,7.9,1.1,149,25,24.5,3374,24,9,23347,8,48,1707,1555,0,
2301,33,11212,460,4148,1294,39.2,2.8,2986,21.0,26.2,29,5,44.6,14905,259,10,15835,0,10,937,13958,0,
2302,33,11170,458,4148,1289,39.1,2.8,2986,21.1,26.3,29,5,44.4,14903,259,10,15790,0,10,935,13958,0,
256,143,16354,796,1167,2940,20.6,3.7,3931,19.4,4.3,128,32,23.0,2478,52,14,26909,0,81,1451,939,1,
257,165,17782,903,1594,3209,19.4,3.5,4087,18.7,5.5,149,36,21.5,2675,68,24,29089,0,88,1575,1004,1,
258,143,16373,797,1167,2943,20.6,3.7,3931,19.4,4.3,128,32,23.0,2488,52,14,26929,0,81,1460,940,1,
2308,43,3299,224,100,691,16.1,3.0,609,15.6,1.8,31,10,22.3,834,7,3,5476,1,11,504,311,0,
2309,39,2352,187,52,511,13.1,2.7,326,12.2,1.4,25,7,20.4,667,2,2,3808,1,10,367,285,0,
2310,66,5636,383,186,1241,18.8,3.0,985,14.9,2.0,42,11,29.5,1324,10,8,9152,2,24,730,560,0,
4140,68,4838,358,212,955,14.0,2.6,217,4.3,3.5,41,10,23.3,565,13,5,6084,0,7,315,229,0,
2319,113,12595,626,2051,2391,21.2,3.8,293,2.3,13.6,57,6,41.9,2065,178,29,15029,0,18,1533,514,0,
2322,110,12199,606,2003,2313,21.0,3.8,294,2.4,13.7,56,6,41.3,2000,174,28,14588,0,17,1467,516,0,
2324,132,14885,769,2022,2966,22.5,3.8,963,6.1,10.7,64,6,46.3,2264,176,29,18904,0,19,1671,574,0,
4142,64,4173,326,252,795,12.4,2.4,147,3.4,4.8,38,8,20.9,505,15,5,5235,0,8,280,205,0,
2331,30,3609,182,153,1129,37.6,6.2,863,19.3,2.7,27,3,41.8,1255,5,2,5685,0,4,1086,162,0,
4385,55,5271,398,98,1251,22.7,3.1,480,8.3,1.3,34,4,36.8,1244,4,4,7414,0,12,624,590,0,
4386,51,4919,396,153,1216,23.8,3.0,173,3.4,2.3,32,4,38.0,1114,9,6,6605,0,13,536,550,0,
2339,144,12592,961,460,2513,17.5,2.5,1882,13.0,2.3,81,7,31.0,1601,26,11,19620,4,18,601,947,1,
2346,70,6890,529,173,1519,21.7,2.9,4342,38.7,1.2,67,8,22.7,1474,8,6,13936,0,7,745,713,0,
2347,69,6833,523,173,1507,21.8,2.9,4333,38.8,1.2,66,8,22.8,1467,8,6,13851,0,7,742,709,0,
2348,70,6878,528,173,1517,21.7,2.9,4342,38.7,1.2,67,8,22.6,1470,8,6,13922,0,7,741,713,0,
309,190,21372,1325,686,3688,19.4,2.7,9449,30.7,1.5,134,22,27.5,6131,22,16,45870,1,1,2552,3562,1,
2360,30,3631,210,116,908,30.3,4.1,723,16.6,2.1,23,4,39.5,764,6,5,5422,0,5,403,350,1,
314,312,31028,1738,1670,5613,18.0,3.2,3754,10.8,3.6,204,22,27.5,2865,76,36,45984,2,8,1588,1215,0,
2101,58,5375,405,36,1138,19.6,2.8,424,7.3,0.5,34,9,33.5,778,2,2,6866,1,13,505,247,0,
2368,35,2170,122,134,467,13.3,3.8,157,6.7,4.8,23,1,20.3,288,6,4,2775,0,4,167,113,0,
321,313,31000,1729,1652,5598,17.9,3.2,3774,10.9,3.6,204,22,27.4,2861,74,36,45999,2,8,1579,1221,0,
2380,76,7309,591,191,1528,20.1,2.6,1571,17.7,1.6,57,14,26.8,1181,12,5,12094,0,1,539,638,0,
2381,72,7260,533,230,1496,20.8,2.8,1523,17.3,1.9,50,13,29.9,1167,14,7,11816,0,1,534,629,0,
2382,72,7234,533,230,1493,20.7,2.8,1521,17.4,2.0,50,13,29.9,1163,14,7,11788,0,1,530,629,0,
2383,31,2787,178,68,530,17.1,2.8,306,9.9,1.8,30,11,17.7,359,4,3,3769,0,5,201,148,0,
2384,31,2787,178,68,530,17.1,2.8,306,9.9,1.8,30,11,17.7,359,4,3,3769,0,5,201,148,0,
2392,159,14832,1153,826,3764,23.7,3.2,1689,10.2,4.0,119,15,31.6,1644,47,21,20472,3,21,1103,464,0,
2394,132,11911,942,939,2947,22.3,3.1,1493,11.1,5.7,98,14,30.1,1510,50,16,16617,2,19,997,431,0,
2396,159,14739,1149,826,3727,23.4,3.2,1687,10.3,4.1,119,15,31.3,1645,47,21,20371,3,21,1106,462,0,
2398,44,4130,202,76,838,19.0,4.1,142,3.3,1.5,31,1,27.0,762,4,4,4968,0,8,506,245,0,
2399,44,4136,202,76,837,19.0,4.1,143,3.3,1.5,31,1,27.0,762,4,4,4974,0,8,505,246,0,
2400,50,4231,206,76,846,16.9,4.0,138,3.2,1.5,33,1,25.6,767,4,4,5083,0,8,507,249,0,
2404,479,39491,2805,1507,7519,15.7,2.6,3721,8.6,2.7,365,76,20.6,3451,85,39,55040,2,35,1608,1783,1,
2405,476,38737,2747,1459,7402,15.6,2.7,3618,8.5,2.7,364,76,20.3,3399,83,37,53899,2,35,1573,1765,1,
2406,478,38746,2751,1459,7402,15.5,2.7,3621,8.5,2.7,366,76,20.2,3399,83,37,53938,2,35,1573,1765,1,
374,278,18679,1551,2616,3499,12.6,2.3,715,3.7,11.1,245,26,14.3,2221,159,69,23554,1,33,1461,714,0,
375,266,17806,1496,2563,3373,12.7,2.3,747,4.0,11.3,237,25,14.2,2128,151,66,22725,2,32,1396,686,0,
379,267,17843,1501,2611,3403,12.7,2.3,763,4.1,11.4,241,24,14.1,2117,158,68,22808,2,31,1391,681,0,
380,128,5476,504,42,1118,8.7,2.2,257,4.5,0.6,94,4,11.9,853,2,2,7256,0,1,356,491,4,
381,22,1285,76,0,256,11.6,3.4,62,4.6,0.0,22,1,11.6,185,0,0,2024,0,0,149,36,1,
385,22,1284,76,0,255,11.6,3.4,61,4.5,0.0,22,1,11.6,185,0,0,2020,0,0,149,36,1,
388,22,1288,76,0,256,11.6,3.4,61,4.5,0.0,22,1,11.6,185,0,0,2026,0,0,149,36,1,
389,57,5016,322,222,1046,18.4,3.2,65,1.3,3.7,31,5,33.7,1907,12,9,6015,0,10,1459,431,0,
390,59,5195,328,222,1079,18.3,3.3,84,1.6,3.6,32,5,33.7,1943,12,9,6247,0,12,1488,436,0,
391,57,5002,321,222,1043,18.3,3.2,65,1.3,3.7,31,5,33.6,1909,12,9,6003,0,11,1460,431,0,
395,27,2027,160,0,419,15.5,2.6,205,9.2,0.0,21,3,20.0,177,0,0,2748,0,9,102,66,0,
399,62,8368,466,86,1421,22.9,3.0,724,8.0,0.8,53,10,26.8,2503,6,2,11397,1,4,2084,366,0,
400,62,8213,464,86,1393,22.5,3.0,701,7.9,0.8,53,10,26.3,2448,6,2,11189,1,4,2044,360,0,
4367,35,2828,197,252,471,13.5,2.1,163,5.4,6.3,28,6,16.8,211,10,3,4011,0,17,116,70,0,
2457,64,6827,324,52,1337,20.9,3.9,1060,13.4,0.5,34,6,39.3,1720,5,3,9541,0,14,1458,245,6,
2458,90,9740,526,157,2033,22.6,3.7,1753,15.3,1.1,51,7,39.9,2470,9,5,14408,0,32,2050,377,1,
417,71,5134,367,38,940,13.2,2.5,1449,22.0,0.4,60,13,15.7,969,2,2,9401,0,21,518,420,1,
4167,57,3504,344,0,698,12.2,2.0,1079,23.5,0.0,47,7,14.9,827,0,0,6935,4,14,416,391,0,
4168,59,3611,351,0,719,12.2,2.0,1061,22.7,0.0,47,7,15.3,817,0,0,7044,4,13,436,362,0,
2489,39,3633,267,0,743,19.1,2.6,213,5.5,0.0,24,4,31.0,608,0,0,4734,0,1,453,154,0,
2491,39,3624,267,0,740,19.0,2.6,213,5.6,0.0,24,4,30.8,604,0,0,4725,0,1,449,154,0,
450,87,3886,320,0,786,9.0,2.5,245,5.9,0.0,71,16,11.2,332,0,0,5496,0,2,193,125,0,
455,166,21935,1047,1195,4095,24.7,3.6,1578,6.7,4.2,123,19,33.3,5727,59,33,28661,4,67,4267,1358,1,
456,160,21427,984,1014,3996,25.0,3.7,1455,6.4,3.7,115,19,34.7,5610,51,29,27696,4,62,4185,1329,1,
458,166,21921,1047,1195,4093,24.7,3.6,1578,6.7,4.2,123,19,33.3,5717,59,33,28647,4,65,4261,1356,1,
2513,474,39187,2785,1603,8694,18.3,3.0,14001,26.3,2.3,233,19,37.3,6976,91,32,70019,7,19,4746,2152,0,
2514,36,6749,308,950,1264,35.1,4.1,2805,29.4,8.3,24,1,52.7,1747,69,15,11440,0,0,990,741,0,
2515,36,6749,308,950,1264,35.1,4.1,2805,29.4,8.3,24,1,52.7,1747,69,15,11440,0,0,990,741,0,
470,38,2601,215,0,503,13.2,2.3,243,8.5,0.0,29,5,17.3,283,0,0,4157,0,0,162,121,0,
474,90,6363,438,225,1070,11.9,2.3,58,0.9,2.8,45,7,23.8,482,14,8,8178,0,1,219,262,0,
477,96,7262,482,233,1210,12.6,2.4,61,0.8,2.5,50,7,24.2,551,12,8,9285,0,1,239,311,0,
2529,48,3100,161,0,733,15.3,4.6,965,23.7,0.0,27,2,27.1,397,0,0,5330,0,5,275,114,1,
2530,48,3179,163,0,757,15.8,4.6,980,23.6,0.0,27,2,28.0,411,0,0,5446,0,7,284,117,1,
488,84,6738,494,46,1386,16.5,2.6,407,5.7,0.5,56,14,24.8,666,4,4,9521,0,29,456,161,0,
2537,110,9745,797,785,2460,22.4,3.0,6172,38.8,3.7,96,11,25.6,1235,31,13,21471,0,7,793,393,0,
2538,110,9735,798,785,2461,22.4,3.0,6171,38.8,3.7,96,11,25.6,1234,31,13,21463,0,7,790,393,0,
495,255,25028,2720,2244,6416,25.2,2.3,6678,21.1,5.4,128,18,50.1,2000,70,30,41929,5,3,1459,456,0,
496,265,24891,2027,2477,5317,20.1,2.6,6195,19.9,6.0,201,27,26.5,4194,142,48,41124,1,43,2387,1697,1,
497,256,23295,1882,2469,4920,19.2,2.6,6185,21.0,6.3,192,25,25.6,3910,130,38,38938,1,43,2154,1664,1,
3155,794,66638,3477,6371,16769,21.1,4.8,974,1.4,8.2,149,11,112.5,10488,536,52,77270,31,33,5953,4470,9,
507,48,4799,251,54,1183,24.6,4.7,414,7.9,0.8,24,1,49.3,1307,5,3,6590,0,7,599,697,8,
508,48,4873,259,54,1206,25.1,4.7,420,7.9,0.8,24,1,50.3,1318,5,3,6687,0,7,610,697,8,
509,48,4873,259,54,1206,25.1,4.7,420,7.9,0.8,24,1,50.3,1318,5,3,6687,0,7,610,697,8,
511,81,13308,540,1693,2731,33.7,5.0,2116,13.7,9.1,51,8,53.5,747,77,25,18570,0,12,375,350,1,
4182,36,4282,286,105,958,26.6,3.3,214,4.8,1.9,28,8,34.2,497,9,2,5590,0,5,278,209,1,
523,31,2328,276,0,534,17.2,1.9,387,14.3,0.0,27,4,19.8,442,0,0,3365,0,4,202,235,6,
524,38,3249,372,0,751,19.8,2.0,440,11.9,0.0,33,4,22.8,638,0,0,4532,0,2,295,340,1,
525,38,3250,371,0,751,19.8,2.0,441,11.9,0.0,33,4,22.8,639,0,0,4533,0,2,296,340,1,
2590,95,6176,662,143,1309,13.8,1.9,601,8.9,1.6,50,8,26.2,546,50,2,8857,1,1,248,274,0,
2591,95,6172,662,143,1310,13.8,1.9,603,8.9,1.6,50,8,26.2,546,50,2,8852,1,1,247,275,0,
545,34,2775,243,569,411,12.1,1.6,542,16.3,13.4,33,11,12.5,361,25,8,4258,0,2,191,166,1,
91,106,7399,493,301,1439,13.6,2.9,288,3.7,2.6,85,18,16.9,749,19,8,11400,0,7,538,198,0,
550,55,3699,267,100,804,14.6,3.0,115,3.0,2.5,27,3,29.8,744,9,3,3996,1,3,624,110,0,
553,81,5532,424,312,1077,13.3,2.5,864,13.5,3.5,60,6,18.0,683,18,10,9007,0,0,286,385,0,
554,78,5455,419,312,1065,13.7,2.5,842,13.4,3.5,57,6,18.7,674,18,10,8854,0,0,280,382,0,
555,81,5532,424,312,1077,13.3,2.5,864,13.5,3.5,60,6,18.0,683,18,10,9007,0,0,286,385,0,
2605,68,6831,379,1192,1546,22.7,4.1,680,9.1,13.3,44,11,35.1,1788,77,15,8946,0,94,1159,533,0,
2606,68,6831,379,1192,1548,22.8,4.1,680,9.1,13.3,44,11,35.2,1790,77,15,8947,0,94,1161,533,0,
2610,103,6933,570,0,1443,14.0,2.3,491,6.6,0.0,75,7,19.2,748,0,0,10603,0,9,611,128,0,
2611,108,7091,596,42,1477,13.7,2.2,475,6.3,0.4,78,7,18.9,754,2,2,10830,0,10,613,131,0,
2623,108,7092,596,42,1481,13.7,2.2,475,6.3,0.4,78,7,19.0,752,2,2,10833,0,10,611,131,0,
2144,24,1650,134,67,367,15.3,2.5,49,2.9,2.6,24,5,15.3,393,6,4,2553,0,4,332,56,0,
578,2721,280508,22629,15483,58788,21.6,2.6,34531,11.0,3.3,2237,335,26.3,73332,518,193,475062,1720,211,55503,15614,0,
579,2388,255738,20376,13552,51925,21.7,2.5,29718,10.4,3.1,1948,303,26.7,68329,454,165,436184,1630,194,52644,13624,0,
580,2522,269639,21788,15392,56747,22.5,2.6,31776,10.5,3.4,2066,321,27.5,72103,505,187,455666,1715,212,54964,14930,0,
581,35,2845,195,136,452,12.9,2.2,229,7.4,3.6,21,5,21.5,261,4,4,3784,0,1,164,89,0,
586,151,23296,924,3670,4886,32.4,4.9,3615,13.4,11.8,120,9,40.7,5139,250,49,31152,0,43,4102,988,0,
587,151,23239,921,3677,4863,32.2,4.9,3604,13.4,11.8,120,9,40.5,5120,251,49,31072,0,43,4085,986,0,
4194,43,3166,258,0,704,16.4,2.7,54,1.7,0.0,30,8,23.5,948,0,0,4439,0,9,832,97,0,
2640,302,43533,2627,2083,10073,33.4,3.6,8900,17.0,3.1,217,42,46.4,5934,107,37,67543,2,10,3351,2435,0,
99,62,3317,291,36,719,11.6,2.5,788,19.2,0.6,44,6,16.3,193,2,2,6014,1,0,116,72,0,
2646,301,43041,2616,1996,10040,33.4,3.6,9111,17.5,3.0,216,42,46.5,6218,99,36,67212,2,10,3643,2435,0,
2667,300,20057,1587,464,4087,13.6,2.6,2600,11.5,1.3,279,32,14.6,1828,16,14,35058,0,3,1317,508,0,
2668,297,19627,1561,430,3986,13.4,2.5,2561,11.5,1.3,276,32,14.4,1786,14,12,34395,0,3,1291,492,0,
2672,300,20053,1587,464,4085,13.6,2.6,2600,11.5,1.3,279,32,14.6,1826,16,14,35051,0,3,1315,508,0,
626,307,27829,2700,1854,6908,22.5,2.5,6534,19.0,4.1,174,25,39.7,3042,64,24,45018,0,17,2121,794,0,
627,307,27936,2705,1854,6939,22.6,2.5,6535,19.0,4.1,174,25,39.9,3052,64,24,45131,0,17,2126,799,0,
628,307,27640,2690,1801,6849,22.3,2.5,6527,19.1,4.0,174,25,39.4,3026,60,22,44786,0,17,2107,792,0,
2681,31,4674,202,73,753,24.3,3.4,751,13.8,0.9,24,4,31.4,1296,6,1,7763,0,9,975,299,0,
2135,546,47210,4400,2902,12855,23.5,2.9,30836,39.5,2.7,404,45,31.8,4581,154,55,106311,6,32,2431,2055,0,
3519,105,6779,453,1204,904,8.6,2.0,344,4.8,13.4,78,15,11.6,872,54,20,8985,0,32,624,211,0,
2688,31,4542,200,73,721,23.3,3.3,758,14.3,1.0,24,4,30.0,1254,6,1,7585,0,8,944,292,0,
2696,31,4655,202,61,754,24.3,3.4,754,13.9,0.8,24,4,31.4,1293,4,1,7744,0,9,971,301,0,
2700,64,4084,228,64,547,8.5,2.4,319,7.2,1.0,46,4,11.9,206,4,4,6178,0,7,98,99,0,
2498,35,3544,255,0,721,20.6,2.6,210,5.6,0.0,23,4,31.3,569,0,0,4630,0,1,421,147,0,
2702,64,4086,228,64,547,8.5,2.4,320,7.3,1.0,46,4,11.9,206,4,4,6182,0,7,98,99,0,
2705,30,2355,131,259,444,14.8,3.3,118,4.8,8.9,25,8,17.8,215,20,5,2914,0,0,122,93,0,
2706,154,12890,970,58,2781,18.1,2.8,1305,9.2,0.3,130,19,21.4,1416,7,5,17178,3,7,870,491,1,
2707,147,12112,919,34,2627,17.9,2.8,1289,9.6,0.2,123,19,21.4,1290,5,3,16245,3,6,789,447,1,
2708,144,11755,893,34,2557,17.8,2.8,1269,9.7,0.2,121,19,21.1,1277,5,3,15804,3,6,788,435,1,
663,54,3881,254,117,748,13.9,2.9,604,13.5,2.0,47,7,15.9,630,10,5,5980,1,37,320,265,1,
664,54,3942,257,117,757,14.0,2.9,622,13.6,1.9,47,7,16.1,652,10,5,6088,1,37,333,274,1,
665,53,3916,255,117,755,14.2,2.9,615,13.6,1.9,47,7,16.1,618,10,5,6047,0,35,317,260,1,
670,208,15745,1300,507,3418,16.4,2.6,1833,10.4,2.3,82,6,41.7,2238,27,16,22275,3,7,1800,415,0,
671,37,2594,246,153,614,16.6,2.5,106,3.9,4.7,19,3,32.3,415,8,4,3270,1,1,302,111,0,
672,35,2841,214,168,485,13.9,2.2,79,2.7,4.7,19,5,25.5,617,8,4,3599,0,25,489,100,7,
673,95,8040,786,530,2798,29.5,3.5,439,5.2,5.5,74,6,37.8,3191,38,11,9562,0,1,2889,299,3,
2734,133,13517,966,388,2874,21.6,3.0,602,4.3,2.0,96,16,29.9,814,12,9,19530,1,9,457,344,0,
2736,115,10590,744,254,2089,18.2,2.8,324,3.0,1.6,86,16,24.3,618,8,8,15418,1,8,341,263,0,
2737,134,13707,984,450,2912,21.7,2.9,604,4.2,2.3,96,16,30.3,825,17,10,19743,1,10,465,346,0,
2742,56,5144,362,194,1083,19.3,2.7,384,6.9,2.8,43,5,25.2,929,8,6,6839,0,3,443,483,7,
2745,56,5143,362,194,1083,19.3,2.7,384,6.9,2.8,43,5,25.2,928,8,6,6838,0,3,443,482,7,
2747,56,5291,320,26,1036,18.5,2.9,383,6.8,0.4,43,9,24.1,736,2,1,6840,0,1,257,478,1,
721,28,4169,228,62,753,26.9,2.7,204,4.7,1.2,22,1,34.2,572,4,3,5214,0,32,302,226,0,
722,28,4189,228,62,756,27.0,2.7,206,4.7,1.2,22,1,34.4,584,4,3,5236,0,32,310,229,0,
2776,31,1766,117,0,378,12.2,3.1,57,3.1,0.0,21,3,18.0,259,0,0,2366,0,9,129,121,0,
2777,31,1723,115,0,369,11.9,3.1,49,2.8,0.0,21,3,17.6,253,0,0,2296,0,9,117,127,0,
2778,30,1695,113,0,365,12.2,3.1,48,2.8,0.0,20,3,18.3,256,0,0,2239,0,9,115,132,0,
735,61,5744,417,162,1187,19.5,2.8,804,12.3,1.9,43,3,27.6,824,14,4,8703,0,19,561,233,0,
736,61,5750,417,162,1188,19.5,2.8,804,12.3,1.9,43,3,27.6,825,14,4,8709,0,19,562,233,0,
742,317,45129,4952,10403,11444,36.1,2.3,15637,25.7,14.0,79,10,144.9,7160,373,27,74511,2,13,4480,2598,0,
747,314,45018,4936,10379,11411,36.3,2.3,15627,25.8,14.0,76,10,150.1,7135,371,25,74331,2,13,4464,2589,0,
750,317,45129,4952,10403,11444,36.1,2.3,15637,25.7,14.0,79,10,144.9,7160,373,27,74511,2,13,4479,2599,0,
2799,123,11754,656,860,2752,22.4,4.1,715,5.7,5.5,56,5,49.1,1695,42,8,15525,0,5,935,744,0,
752,93,5594,481,88,1072,11.5,2.2,360,6.0,1.0,70,12,15.3,1291,4,4,8486,5,13,998,263,0,
753,107,6344,549,88,1241,11.6,2.2,407,6.0,0.9,76,12,16.3,1454,4,4,9531,5,30,1127,282,0,
754,107,6344,549,88,1248,11.7,2.3,408,6.0,0.9,76,12,16.4,1454,4,4,9532,5,30,1126,283,0,
2806,126,11977,667,860,2800,22.2,4.1,730,5.7,5.4,57,5,49.1,1718,42,8,15800,0,5,949,753,0,
2808,129,12106,703,797,2859,22.2,4.0,730,5.7,5.0,58,5,49.3,1733,36,8,15974,0,12,964,745,0,
2815,68,4732,410,159,1107,16.3,2.7,170,3.5,2.7,33,4,33.5,625,10,3,5894,0,8,443,173,0,
2817,77,8479,600,1305,1409,18.3,2.3,1321,13.5,9.8,66,13,21.3,763,57,18,13380,0,4,397,328,0,
2819,101,10728,726,2153,1646,16.3,2.3,1433,11.8,12.9,90,14,18.3,900,127,36,16751,0,4,445,418,0,
2836,1260,64609,7662,30527,19277,15.3,2.5,4698,6.8,35.5,142,16,135.8,11409,2424,27,86076,4,163,8385,2831,0,
2837,1260,64609,7662,30527,19277,15.3,2.5,4698,6.8,35.5,142,16,135.8,11409,2424,27,86076,4,163,8385,2831,0,
2840,1260,64609,7662,30527,19277,15.3,2.5,4698,6.8,35.5,142,16,135.8,11411,2424,27,86075,4,163,8387,2831,0,
793,123,15750,1012,72,3564,29.0,3.4,169,1.1,0.4,98,19,36.4,1159,4,3,18047,3,12,629,498,0,
2842,58,7719,361,4263,1525,26.3,4.2,425,5.2,45.0,26,1,58.7,898,31,4,9463,2,14,554,310,1,
796,123,15882,1024,72,3609,29.3,3.4,169,1.1,0.4,98,19,36.8,1189,4,3,18195,3,11,635,523,0,
802,101,9418,673,0,2117,21.0,3.1,921,8.9,0.0,79,11,26.8,1244,0,0,14513,0,27,796,416,0,
804,101,9416,673,0,2117,21.0,3.1,921,8.9,0.0,79,11,26.8,1244,0,0,14511,0,27,796,416,0,
2873,1135,77818,7583,6058,19846,17.5,2.6,8464,9.8,5.2,747,79,26.6,11884,287,111,117258,10,43,9197,2610,1,
826,345,33720,2331,2058,7268,21.1,3.0,2507,6.9,4.7,241,50,30.2,2924,207,32,44081,2,129,1786,985,0,
2876,1120,81199,7718,5939,20999,18.7,2.7,10002,11.0,4.8,717,75,29.3,12532,300,104,123487,10,42,9797,2657,1,
2878,1079,75377,7303,5875,19348,17.9,2.6,8302,9.9,5.2,708,70,27.3,11777,263,102,113792,10,42,9195,2507,1,
2879,320,29325,2524,322,7199,22.5,2.8,4195,12.5,0.8,150,10,48.0,2646,22,13,42222,12,6,1343,1225,10,
837,339,33196,2282,2006,7133,21.0,3.0,2478,6.9,4.6,239,50,29.8,2867,205,31,43445,2,125,1749,969,0,
839,62,4490,351,138,926,14.9,2.6,427,8.7,2.3,42,10,22.0,199,12,8,6084,0,1,120,78,0,
2893,370,24653,1883,3311,4725,12.8,2.5,1862,7.0,9.6,257,51,18.4,2458,191,60,34608,2,12,1675,767,1,
846,32,2695,171,46,479,15.0,2.8,186,6.5,1.1,24,3,20.0,155,2,2,4034,0,2,88,65,0,
847,32,2728,173,46,491,15.3,2.8,198,6.8,1.1,24,3,20.5,156,2,2,4086,0,2,87,67,0,
2896,230,16307,1280,401,3013,13.1,2.2,895,5.2,1.8,156,20,19.3,1186,32,13,22031,4,5,956,211,0,
2900,219,15264,1217,439,2852,13.0,2.2,830,5.2,2.1,143,17,19.9,1157,36,14,20622,4,6,911,223,0,
865,739,51802,5174,2928,11854,16.0,2.3,7650,12.9,3.9,407,31,29.1,3493,130,54,74923,0,27,2138,1208,0,
866,716,51502,5166,2972,11971,16.7,2.3,7659,12.9,4.0,397,32,30.2,3386,130,62,74500,0,23,2148,1105,0,
867,739,51826,5172,2901,11863,16.1,2.3,7651,12.9,3.9,407,31,29.1,3481,125,54,74947,0,27,2128,1206,0,
876,42,4347,185,50,705,16.8,3.8,973,18.3,0.8,33,8,21.4,1188,4,3,6517,1,0,1111,76,0,
877,42,4391,185,50,720,17.1,3.9,973,18.1,0.8,33,8,21.8,1219,4,3,6562,1,0,1142,76,0,
878,41,4380,185,50,710,17.3,3.8,1011,18.8,0.8,32,8,22.2,1188,4,3,6611,1,0,1112,75,0,
3560,31,3052,137,93,569,18.4,3.6,133,4.2,2.3,19,9,29.9,511,26,2,4043,0,2,302,202,0,
882,43,4155,245,6,925,21.5,3.6,1883,31.2,0.1,26,5,35.6,1270,2,1,7901,1,7,659,595,0,
883,43,4090,243,6,909,21.1,3.6,1963,32.4,0.1,26,5,35.0,1264,2,1,7915,1,7,656,590,0,
884,43,4128,245,6,921,21.4,3.6,1956,32.1,0.1,26,5,35.4,1271,2,1,7948,1,7,660,593,0,
887,113,7235,581,749,2129,18.8,3.6,2244,23.7,5.7,100,12,21.3,1468,43,15,13232,0,1,852,615,1,
888,113,7235,581,749,2129,18.8,3.6,2244,23.7,5.7,100,12,21.3,1468,43,15,13232,0,1,852,615,1,
889,209,19771,2142,1709,4986,23.9,2.3,5408,21.5,5.1,107,22,46.6,1569,44,23,33447,0,3,1225,320,0,
2943,496,55174,3987,3755,11700,23.6,2.9,13252,19.4,4.6,335,29,34.9,8579,564,25,81620,1,19,3310,4917,7,
896,414,27696,2295,1832,5834,14.1,2.5,4701,14.5,4.1,351,50,16.6,6796,87,39,44640,28,9,4574,2146,1,
897,414,27722,2296,1832,5844,14.1,2.5,4702,14.5,4.1,351,50,16.6,6799,87,39,44673,28,9,4575,2148,1,
904,430,28553,2359,1832,6113,14.2,2.6,4706,14.1,4.0,365,50,16.7,6980,87,39,46006,28,13,4720,2180,1,
2954,100,7224,563,96,1648,16.5,2.8,916,11.3,0.9,77,2,21.4,885,4,2,11073,0,4,589,286,0,
152,91,8892,504,114,1819,20.0,3.6,1577,15.1,0.9,57,6,31.9,1130,10,6,13237,2,44,683,368,1,
2966,25,1576,116,0,332,13.3,2.9,87,5.2,0.0,19,4,17.5,212,0,0,2327,0,5,131,75,0,
4249,129,10907,745,138,2590,20.1,3.4,935,7.9,1.0,82,7,31.6,1618,12,7,14338,0,19,1223,375,0,
2977,55,3700,243,74,1335,24.3,5.4,1008,21.4,1.2,32,7,41.7,931,4,3,6142,0,3,259,669,1,
2978,55,3579,240,36,1279,23.3,5.3,946,20.9,0.6,32,7,40.0,874,2,2,5931,0,3,225,646,1,
2982,56,3705,245,49,1331,23.8,5.4,946,20.3,0.8,33,7,40.3,931,4,3,6097,0,3,269,659,1,
2988,66,10538,543,618,2439,37.0,4.2,985,8.5,4.6,27,1,90.3,1236,38,9,13418,0,1,751,475,0,
2992,732,46905,4231,709,12953,17.7,3.0,1141,2.4,1.1,554,72,23.4,7134,36,21,66090,21,109,3155,3724,0,
2993,861,53315,4761,811,14489,16.8,3.0,1171,2.1,1.1,631,85,23.0,7853,41,24,74991,34,122,3536,4027,0,
3572,216,12556,1136,1225,2127,9.8,1.9,546,4.2,8.0,162,12,13.1,1408,67,48,15379,0,1,702,697,0,
3013,731,46528,4206,709,12861,17.6,3.0,1103,2.3,1.1,554,71,23.2,7076,36,21,65634,21,109,3123,3698,0,
3016,731,46634,4212,709,12881,17.6,3.0,1103,2.3,1.1,554,71,23.3,7084,36,21,65749,21,109,3125,3704,0,
2894,347,22777,1700,3528,4379,12.6,2.5,1697,6.9,11.0,231,48,19.0,2274,197,59,32028,2,5,1568,697,0,
3034,201,20379,2192,1685,5276,26.2,2.4,5940,22.6,4.9,95,20,55.5,1640,50,21,34479,0,4,1243,316,0,
2895,231,16327,1285,401,3023,13.1,2.2,903,5.2,1.8,157,21,19.3,1170,32,13,22092,4,5,956,194,0,
991,28,1883,100,0,304,10.9,3.0,75,3.8,0.0,19,2,16.0,312,0,0,2287,0,7,208,96,0,
1005,112,8514,618,121,1366,12.2,2.2,3011,26.1,0.7,112,20,12.2,1526,6,5,18055,4,5,1169,341,0,
1006,122,10154,730,170,1720,14.1,2.3,3350,24.8,0.8,118,21,14.6,1722,10,7,20748,1,2,1299,413,0,
1008,118,9539,674,152,1587,13.4,2.3,3246,25.4,0.8,117,21,13.6,1708,8,6,19786,4,5,1282,410,0,
1012,160,14617,922,275,2824,17.7,3.1,996,6.4,1.4,109,14,25.9,999,12,9,19783,0,8,559,397,0,
1015,161,14812,926,512,2866,17.8,3.1,1004,6.3,2.6,110,14,26.1,1005,18,11,20027,0,8,563,399,0,
1016,160,14618,922,275,2824,17.7,3.1,996,6.4,1.4,109,14,25.9,999,12,9,19784,0,8,559,397,0,
3078,44,1638,223,0,351,8.0,1.6,1,0.1,0.0,44,5,8.0,143,0,0,2160,0,0,89,54,0,
1050,63,4859,328,225,972,15.4,2.9,367,7.0,3.2,51,8,19.1,612,11,6,6966,1,7,367,217,0,
1051,53,4597,312,225,929,17.5,3.0,322,6.5,3.5,41,8,22.7,580,11,6,6378,1,7,349,203,0,
1052,63,4859,328,225,972,15.4,2.9,367,7.0,3.2,51,8,19.1,612,11,6,6966,1,7,367,217,0,
1062,206,18880,1356,174,4760,23.1,3.5,3170,14.4,0.6,150,24,31.7,2767,10,6,28576,3,24,2042,671,1,
1064,206,18760,1338,174,4691,22.8,3.5,3150,14.4,0.6,149,24,31.5,2726,10,6,28410,2,25,2012,660,1,
1067,206,18809,1345,174,4742,23.0,3.5,3151,14.3,0.6,149,24,31.8,2754,10,6,28462,3,24,2034,666,1,
1068,59,4815,347,56,1047,17.7,2.8,755,13.6,0.8,50,10,20.9,726,4,1,7414,0,18,412,261,0,
1069,58,4763,342,56,1036,17.9,2.8,755,13.7,0.8,49,10,21.1,723,4,1,7346,0,18,409,261,0,
1076,24,1353,94,105,207,8.6,2.2,329,19.6,4.3,21,6,9.9,451,7,3,2466,0,1,289,147,0,
1088,40,2067,140,46,397,9.9,2.8,195,8.6,1.7,31,7,12.8,214,4,4,2756,0,0,142,67,1,
1095,30,1999,178,0,423,14.1,2.4,247,11.0,0.0,29,5,14.6,213,0,0,2938,0,0,145,60,1,
1096,31,2041,183,0,438,14.1,2.4,258,11.2,0.0,30,5,14.6,219,0,0,3005,0,0,144,66,1,
1097,31,2099,188,0,452,14.6,2.4,259,11.0,0.0,30,5,15.1,220,0,0,3082,0,0,147,64,1,
2914,332,26516,2368,905,6508,19.6,2.7,11633,30.5,1.8,286,87,22.8,2577,61,25,48922,4,61,1519,943,0,
3154,775,61493,3263,6697,15413,19.9,4.7,994,1.6,9.4,136,11,113.3,9833,613,50,71496,15,32,5693,4091,9,
2915,352,25636,2339,888,6294,17.9,2.7,10817,29.7,1.9,306,85,20.6,2427,56,21,46352,3,56,1467,850,0,
3159,792,64072,3408,6289,15961,20.2,4.7,1010,1.6,8.4,147,11,108.6,10073,526,50,74528,29,32,5825,4186,9,
3161,126,14170,934,768,3357,26.6,3.6,1157,7.5,4.1,79,6,42.5,1296,46,14,18871,3,27,858,407,10,
1124,53,9810,560,862,2260,42.6,4.0,2697,21.6,5.2,46,3,49.1,1746,41,12,16569,1,2,1164,579,1,
1129,487,55494,3480,1678,14101,29.0,4.0,7268,11.6,2.2,211,26,66.8,4881,90,30,77416,9,11,2862,1872,0,
1130,480,53925,3380,1451,13824,28.8,4.0,6970,11.4,1.9,205,26,67.4,4839,83,28,75112,9,11,2825,1879,0,
1131,272,20512,1438,980,5176,19.0,3.5,4620,18.4,2.8,238,37,21.7,3196,49,29,34709,1,13,1645,1514,0,
1132,273,20741,1445,950,5233,19.2,3.5,4655,18.3,2.7,239,37,21.9,3235,47,29,35025,1,13,1674,1524,0,
3261,42,4269,319,113,783,18.6,2.4,426,9.1,1.8,27,5,29.0,964,9,5,6324,2,18,486,442,0,
3184,39,3162,181,192,420,10.8,2.3,60,1.9,4.4,29,4,14.5,238,9,5,4350,0,3,151,84,0,
1137,121,5729,505,307,1093,9.0,2.2,380,6.2,3.5,100,16,10.9,1136,17,8,8711,0,0,913,216,0,
3187,37,2985,174,160,402,10.9,2.3,60,2.0,3.9,27,4,14.9,229,7,3,4099,0,2,146,81,0,
3188,38,3034,177,160,408,10.7,2.3,57,1.8,3.8,28,4,14.6,225,7,3,4173,0,2,143,80,0,
1145,90,8104,483,109,1588,17.6,3.3,439,5.1,1.0,57,8,27.9,1117,5,3,10528,0,5,778,331,1,
1157,90,8116,483,109,1593,17.7,3.3,440,5.1,1.0,57,8,27.9,1120,5,3,10545,0,5,781,331,1,
3216,65,5115,263,0,871,13.4,3.3,1131,18.1,0.0,50,14,17.4,446,0,0,8238,0,3,204,233,0,
1170,90,8115,483,109,1593,17.7,3.3,440,5.1,1.0,57,8,27.9,1120,5,3,10544,0,5,781,331,1,
3220,65,5083,261,0,867,13.3,3.3,1126,18.1,0.0,50,14,17.3,440,0,0,8192,0,3,204,227,0,
3230,69,9482,470,796,1956,28.3,4.1,1872,16.5,5.3,48,6,40.8,1708,56,11,15148,0,13,1070,618,0,
3232,69,9574,472,796,1978,28.7,4.2,1880,16.4,5.2,48,6,41.2,1727,56,11,15259,0,13,1084,623,0,
3234,69,9460,470,796,1952,28.3,4.1,1871,16.5,5.3,48,6,40.7,1708,56,11,15117,0,13,1070,618,0,
4295,201,13965,1223,0,3008,15.0,2.5,885,6.0,0.0,123,23,24.5,801,0,0,22316,1,1,454,338,0,
1198,135,20339,893,1510,4327,32.1,4.8,2946,12.7,5.3,73,11,59.3,3198,89,20,28227,2,95,1845,1215,0,
3259,42,4314,320,113,790,18.8,2.4,417,8.8,1.8,27,5,29.3,969,9,5,6360,2,19,489,443,0,
3260,67,5063,417,138,957,14.3,2.3,642,11.3,1.7,51,12,18.8,820,9,5,8113,0,15,370,404,0,
1213,104,5963,467,412,1103,10.6,2.4,62,1.0,5.8,73,17,15.1,341,25,11,7153,18,8,239,71,0,
1216,25,2721,209,20,541,21.6,2.5,230,7.8,0.5,19,3,28.5,446,2,1,3642,0,3,296,147,6,
1217,32,3075,266,20,617,19.3,2.3,254,7.6,0.5,22,3,28.0,483,2,1,4171,0,3,325,155,6,
1220,72,6079,433,363,1246,17.3,2.8,834,12.1,3.7,54,8,23.1,804,16,9,9761,1,2,285,492,0,
1221,72,6079,433,363,1246,17.3,2.8,834,12.1,3.7,54,8,23.1,804,16,9,9761,1,2,285,492,0,
2593,95,6162,661,143,1306,13.7,1.9,601,8.9,1.6,50,8,26.1,546,50,2,8842,1,1,248,274,0,
3272,79,8187,569,271,1628,20.6,2.7,887,9.8,2.5,68,7,23.9,1100,32,5,10886,24,19,629,416,1,
3273,88,8714,597,247,1780,20.2,2.8,1024,10.5,2.1,74,7,24.1,1184,19,7,11776,28,18,690,435,1,
1243,66,7111,369,344,1548,23.5,4.0,354,4.7,3.4,48,12,32.3,765,14,8,10165,9,1,422,331,0,
1254,66,7104,369,344,1544,23.4,4.0,354,4.7,3.4,48,12,32.2,765,14,8,10155,9,1,422,331,0,
1261,24,2008,139,0,437,18.2,2.9,99,4.7,0.0,22,7,19.9,170,0,0,2520,14,2,101,53,0,
3311,23,1340,66,46,184,8.0,2.8,43,3.1,2.3,19,5,9.7,118,4,4,2028,0,3,91,24,1,
1269,57,4404,331,244,818,14.4,2.5,145,3.2,4.2,36,4,22.7,584,11,8,5784,0,1,382,193,0,
1270,57,4405,331,244,818,14.4,2.5,145,3.2,4.2,36,4,22.7,584,11,8,5785,0,1,382,193,0,
1271,80,6044,415,183,1102,13.8,2.7,205,3.3,2.4,57,5,19.3,929,10,9,7536,0,2,638,283,0,
1272,34,1961,174,0,441,13.0,2.5,229,10.5,0.0,21,2,21.0,347,0,0,2677,2,0,228,116,6,
1273,34,1963,174,0,442,13.0,2.5,229,10.4,0.0,21,2,21.0,347,0,0,2679,2,0,228,116,6,
1276,29,7324,452,279,2227,76.8,4.9,5078,40.9,2.0,20,1,111.4,4001,31,2,13998,0,16,2774,1141,0,
1277,335,29684,3049,767,7773,23.2,2.5,7897,21.0,1.5,292,26,26.6,8197,54,23,50257,18,84,5247,2791,10,
2944,496,55174,3987,3755,11700,23.6,2.9,13252,19.4,4.6,335,29,34.9,8579,564,25,81620,1,19,3310,4917,7,
3330,122,9808,689,272,1961,16.1,2.7,346,3.4,1.9,95,11,20.6,1334,13,8,14339,0,1,624,703,0,
3331,68,7342,442,0,1535,22.6,3.4,968,11.6,0.0,44,9,34.9,703,0,0,10302,0,0,527,162,1,
1284,335,29699,3049,767,7779,23.2,2.5,7899,21.0,1.5,292,26,26.6,8201,54,23,50275,18,84,5251,2791,10,
1285,335,29695,3049,767,7778,23.2,2.5,7897,21.0,1.5,292,26,26.6,8199,54,23,50269,18,84,5249,2791,10,
2945,496,55174,3987,3755,11700,23.6,2.9,13252,19.4,4.6,335,29,34.9,8579,564,25,81620,1,19,3310,4917,7,
3336,371,20024,1835,116,3984,10.7,2.2,1006,4.8,0.3,316,61,12.6,1782,8,7,33332,2,5,1287,488,0,
3337,42,2155,214,0,391,9.3,1.8,188,8.0,0.0,30,6,13.0,249,0,0,3322,1,1,120,127,0,
3339,42,2183,211,0,389,9.3,1.8,192,8.1,0.0,30,6,13.0,264,0,0,3353,1,1,123,137,0,
3340,42,2183,211,0,389,9.3,1.8,192,8.1,0.0,30,6,13.0,264,0,0,3353,1,1,123,137,0,
1297,227,32472,3811,7359,8561,37.7,2.2,4469,12.1,17.6,62,6,138.1,4171,374,11,41828,0,7,2657,1491,0,
1298,227,32473,3811,7359,8561,37.7,2.2,4469,12.1,17.6,62,6,138.1,4172,374,11,41829,0,7,2657,1492,0,
1330,187,13114,769,419,2597,13.9,3.3,2642,16.8,2.2,83,7,31.3,1714,19,11,18926,0,8,914,773,1,
1333,251,18021,1244,1161,4362,17.4,3.5,736,3.9,4.3,153,25,28.5,3200,67,30,26979,70,31,2004,940,0,
3383,50,4611,346,0,1057,21.1,3.0,380,7.6,0.0,34,5,31.1,544,0,0,6023,0,4,392,134,0,
1338,251,18012,1243,1161,4363,17.4,3.5,736,3.9,4.3,153,25,28.5,3202,67,30,26967,70,31,2006,940,0,
1343,254,17879,1242,1103,4313,17.0,3.4,723,3.9,4.1,154,25,28.0,3155,65,29,26790,62,22,1987,935,0,
3392,50,4603,346,0,1055,21.1,3.0,379,7.6,0.0,34,5,31.0,544,0,0,6014,0,4,392,134,0,
3400,236,10113,975,36,1656,7.0,1.6,460,4.4,0.2,210,38,7.9,867,2,2,17467,1,6,469,333,0,
1360,241,14368,977,564,2579,10.7,2.5,179,1.2,3.0,169,11,15.3,610,37,33,18814,1,0,445,163,0,
3418,51,4258,267,80,838,16.4,3.1,1306,23.5,1.1,36,5,23.3,792,6,5,7244,2,0,328,462,0,
3420,74,5020,473,222,1103,14.9,2.3,507,9.2,3.1,52,5,21.2,831,11,7,7058,0,8,560,257,0,
3421,73,4703,460,104,1020,14.0,2.2,470,9.1,1.6,52,5,19.6,776,6,4,6638,0,5,510,257,0,
3422,74,4996,470,213,1089,14.7,2.3,506,9.2,3.0,52,5,20.9,825,11,7,7031,0,8,552,259,0,
3431,187,16510,1531,617,3382,18.1,2.2,810,4.7,2.6,149,12,22.7,831,44,20,23397,0,1,555,246,0,
3986,21,1993,140,45,410,19.5,2.8,790,28.4,1.0,21,3,19.5,100,2,1,4398,0,11,68,14,0,
3455,112,8156,741,59,1784,15.9,2.4,1467,15.2,0.5,83,7,21.5,2733,4,4,12239,1,25,1852,849,8,
3457,358,34192,2616,1814,7632,21.3,2.9,5147,13.1,3.5,195,21,39.1,4706,76,23,52409,14,43,3224,1288,0,
3462,320,28364,2311,3357,6378,19.9,2.7,3919,12.1,7.9,183,20,34.9,3037,119,26,42524,10,35,1857,1014,0,
3463,322,28238,2295,2222,6376,19.8,2.7,3957,12.3,5.2,183,21,34.8,3183,93,22,42606,10,36,1994,1029,0,
4071,137,11415,1040,273,2746,20.0,2.6,1227,9.7,1.8,64,5,42.9,1192,20,8,15219,4,5,784,385,0,
1445,115,9250,630,495,1714,14.9,2.7,2429,20.8,2.9,85,14,20.2,1050,37,15,17315,3,9,673,339,0,
3494,271,32692,1740,1803,7510,27.7,4.3,7921,19.5,3.5,220,28,34.1,11608,122,37,51200,0,21,6612,4935,4,
1447,121,9618,655,595,1764,14.6,2.7,2458,20.4,3.3,90,15,19.6,1100,41,17,17896,3,13,700,358,0,
1453,89,4918,338,61,1097,12.3,3.2,404,7.6,0.9,55,4,19.9,874,4,3,6879,0,0,592,280,0,
3511,207,20826,1496,411,4543,21.9,3.0,936,4.3,1.4,162,14,28.0,1459,30,20,28604,34,5,766,646,0,
3513,204,20158,1452,381,4386,21.5,3.0,929,4.4,1.4,159,14,27.6,1402,28,19,27780,34,5,731,624,0,
3518,107,7007,467,1235,942,8.8,2.0,362,4.9,13.3,79,15,11.9,908,76,21,9281,0,34,631,238,0,
2913,342,25622,2327,748,6289,18.4,2.7,11097,30.2,1.6,296,85,21.2,2451,48,17,46705,3,55,1488,854,0,
3521,105,6758,453,1204,901,8.6,2.0,344,4.8,13.4,78,15,11.6,871,54,20,8959,0,32,624,210,0,
1476,90,4941,339,61,1107,12.3,3.3,404,7.6,0.9,56,4,19.8,879,4,3,6907,0,0,594,283,0,
4073,147,12266,1091,468,2921,19.9,2.6,1301,9.6,2.9,69,5,42.3,1336,32,15,16358,4,6,836,434,0,
1498,47,3241,222,0,618,13.1,2.7,383,10.6,0.0,26,3,23.8,314,0,0,4429,0,2,209,102,0,
1499,50,4162,265,0,771,15.4,2.8,441,9.6,0.0,27,3,28.6,331,0,0,5503,0,3,221,106,0,
1503,52,3762,263,0,720,13.8,2.6,439,10.4,0.0,28,3,25.7,346,0,0,5107,0,3,233,108,0,
1505,148,8287,612,165,1495,10.1,2.3,1136,12.1,1.1,115,14,13.0,944,10,7,14446,1,51,499,375,0,
1506,147,8273,609,165,1491,10.1,2.3,1133,12.0,1.1,115,14,13.0,949,10,7,14427,1,51,501,378,0,
1507,143,7799,584,165,1397,9.8,2.2,1089,12.3,1.2,113,14,12.4,880,10,7,13727,1,49,479,335,0,
1509,46,4075,238,86,645,14.0,2.7,1666,29.0,1.5,30,7,21.5,1456,4,4,5620,1,3,334,1106,0,
1511,45,4037,236,86,637,14.2,2.7,1656,29.1,1.5,30,7,21.2,1431,4,4,5569,1,3,331,1085,0,
1512,41,2570,218,85,582,14.2,2.6,535,17.2,2.2,28,7,20.8,345,4,4,3949,1,3,185,144,0,
3562,31,2917,135,90,536,17.3,3.5,111,3.7,2.3,20,9,26.8,483,26,2,3916,0,3,285,189,1,
3563,31,3063,137,93,573,18.5,3.6,133,4.2,2.3,19,9,30.2,518,26,2,4057,0,2,307,204,0,
1517,212,21301,1596,3831,4657,22.0,2.9,5646,21.0,10.1,146,22,31.9,1208,224,42,37938,3,3,659,535,0,
3571,216,12598,1136,1233,2132,9.9,1.9,546,4.2,8.0,162,12,13.2,1413,67,48,15430,0,1,700,704,0,
1524,82,11593,571,1198,2320,28.3,4.0,1409,10.8,7.6,64,11,36.3,4499,631,11,15680,0,17,1951,2497,8,
1525,278,30608,2728,5277,7139,25.7,2.5,6735,18.0,10.9,152,24,47.0,3225,174,60,48494,0,21,2008,1111,0,
1547,100,6027,491,135,1105,11.1,2.1,328,5.2,1.7,60,18,18.4,339,9,6,7931,0,2,137,199,0,
1548,104,6273,512,135,1166,11.2,2.2,362,5.5,1.6,63,18,18.5,350,9,6,8277,0,2,144,203,0,
3672,101,6124,502,127,1172,11.6,2.3,945,13.4,1.4,59,5,19.9,900,9,5,8976,3,23,667,179,0,
3602,59,3285,418,0,681,11.5,1.6,151,4.4,0.0,51,10,13.4,756,0,0,4521,2,5,621,128,5,
3605,59,3284,419,0,681,11.5,1.6,151,4.4,0.0,51,10,13.4,756,0,0,4520,2,5,621,128,5,
3606,59,3249,418,0,672,11.4,1.6,144,4.2,0.0,51,10,13.2,753,0,0,4465,2,5,618,128,5,
3332,68,7358,442,33,1543,22.7,3.5,968,11.6,0.3,44,9,35.1,705,2,1,10318,0,0,529,162,1,
1566,53,7459,327,1731,1270,24.0,3.9,383,4.9,18.5,38,2,33.4,1174,101,12,9363,0,12,699,453,0,
1567,53,7459,327,1731,1270,24.0,3.9,383,4.9,18.5,38,2,33.4,1174,101,12,9363,0,12,699,453,0,
1568,53,7571,329,1731,1297,24.5,3.9,383,4.8,18.2,38,2,34.1,1199,101,12,9518,0,12,718,462,0,
3625,276,31580,2253,679,8789,31.8,3.9,3743,10.6,1.7,121,9,72.6,7191,42,16,39363,1,10,4400,2749,0,
3633,276,31724,2256,698,8816,31.9,3.9,3765,10.6,1.8,121,9,72.9,7300,44,16,39535,1,10,4432,2826,0,
1588,299,30153,2013,1955,8560,28.6,4.2,4528,13.1,4.3,236,25,36.3,8589,80,32,45095,6,9,6384,2102,9,
1592,292,29096,1949,1401,8267,28.3,4.2,4469,13.3,3.2,230,25,35.9,8337,66,27,43701,5,10,6173,2059,9,
3646,272,31124,2205,679,8645,31.8,3.9,3699,10.6,1.8,117,9,73.9,7075,42,16,38795,1,10,4345,2690,0,
1608,292,29095,1949,1401,8267,28.3,4.2,4468,13.3,3.2,230,25,35.9,8337,66,27,43699,5,10,6173,2059,9,
1613,82,6481,500,152,1301,15.9,2.6,607,8.6,1.6,72,21,18.1,1665,8,7,9391,1,25,339,1297,1,
1614,18,846,86,0,156,8.7,1.8,3,0.4,0.0,19,6,8.2,44,0,0,1146,0,5,20,18,0,
1615,19,901,88,0,162,8.5,1.8,8,0.9,0.0,20,10,8.1,61,0,0,1232,0,6,25,28,0,
1624,77,7271,364,1115,1610,20.9,4.4,265,3.5,11.2,60,3,26.8,2699,751,10,9916,0,4,2129,564,1,
1627,41,4965,226,165,1069,26.1,4.6,413,7.7,2.4,33,2,32.4,815,8,6,6981,1,9,601,197,1,
1630,41,4935,226,165,1061,25.9,4.6,409,7.7,2.4,33,2,32.2,809,8,6,6941,1,9,596,197,1,
1633,69,5799,276,149,727,10.5,2.6,361,5.9,1.8,43,13,16.9,1338,9,3,8271,0,0,1164,165,0,
4027,46,5795,334,341,1748,38.0,5.5,2303,28.4,3.6,27,2,64.7,985,30,7,9560,1,23,698,241,0,
3685,134,14006,957,637,3342,24.9,3.4,2419,14.7,2.9,82,19,40.8,2578,24,11,21609,1,42,1621,894,0,
3688,134,13962,954,637,3330,24.9,3.4,2417,14.8,3.0,82,19,40.6,2576,24,11,21561,1,42,1620,893,0,
3693,134,13962,955,640,3336,24.9,3.4,2441,14.9,3.0,82,19,40.7,2572,24,11,21592,1,42,1618,891,0,
3698,1072,78223,6349,4049,19052,17.8,3.0,20795,21.0,2.9,857,80,22.2,13432,236,80,138555,27,73,8979,4320,0,
3699,1072,78223,6349,4049,19052,17.8,3.0,20795,21.0,2.9,857,80,22.2,13432,236,80,138555,27,73,8979,4320,0,
1657,36,3541,279,86,674,18.7,2.2,103,2.8,1.8,23,2,29.3,298,4,2,4798,1,0,149,145,0,
1665,68,7893,356,2481,1361,20.0,3.8,715,8.3,20.2,67,5,20.3,2003,123,33,12289,2,42,1439,506,1,
1666,76,8602,378,2366,1391,18.3,3.7,792,8.4,17.8,75,10,18.5,2236,81,32,13318,2,42,1516,653,1,
1668,94,10184,584,343,2040,21.7,3.5,2467,19.5,2.1,59,6,34.6,2979,16,7,16568,0,3,2579,378,0,
1669,87,8982,555,196,1873,21.5,3.4,2120,19.1,1.3,57,6,32.9,2460,8,4,14678,0,4,2165,272,0,
1671,39,4889,281,76,945,24.2,3.2,505,9.4,1.1,32,6,29.5,725,2,1,6839,0,8,515,196,0,
3726,74,5646,418,30,1450,19.6,3.4,704,11.1,0.4,40,2,36.3,824,2,1,8072,0,1,560,262,2,
1686,111,12944,614,2122,2622,23.6,4.2,1187,8.4,12.3,67,19,39.1,2027,136,20,17208,1,9,1636,362,0,
3735,30,2581,198,58,435,14.5,2.2,97,3.6,1.7,25,7,17.4,451,4,3,3319,0,0,76,375,1,
1688,111,12920,614,2122,2619,23.6,4.2,1185,8.4,12.4,67,19,39.1,2022,136,20,17181,1,9,1631,362,0,
1689,110,12887,612,2122,2608,23.7,4.2,1185,8.4,12.4,67,19,38.9,2021,136,20,17135,1,9,1628,364,0,
1699,827,88530,7159,8571,24094,29.1,3.3,20807,19.0,6.3,602,33,40.0,23549,463,148,136072,43,113,15840,7399,0,
1703,826,87446,7113,8463,23636,28.6,3.3,20862,19.3,6.3,602,33,39.3,25871,453,145,134364,43,113,18090,7473,0,
1704,826,88194,7143,8559,23988,29.0,3.3,20799,19.1,6.3,602,33,39.8,23456,461,146,135700,43,113,15757,7388,0,
3756,53,4798,286,312,855,16.1,2.9,912,16.0,4.1,36,6,23.8,527,13,6,7633,0,3,363,148,0,
3759,51,4268,263,62,757,14.8,2.8,828,16.2,0.9,35,6,21.6,466,2,2,6872,0,3,307,145,0,
3760,53,5065,293,312,918,17.3,3.1,957,15.9,3.9,36,6,25.5,563,13,6,8001,0,4,383,165,0,
1713,161,12984,999,102,2745,17.0,2.7,1436,10.0,0.6,94,11,29.2,1211,4,4,18042,1,36,689,457,0,
1723,119,8779,699,0,1910,16.1,2.7,843,8.8,0.0,68,7,28.1,795,0,0,11991,1,3,471,308,0,
1725,161,12650,975,102,2708,16.8,2.8,1415,10.1,0.6,95,11,28.5,1244,4,4,17648,1,36,701,478,0,
1731,165,12865,1005,102,2750,16.7,2.7,1424,10.0,0.6,96,11,28.6,1251,4,4,17899,1,36,705,481,0,
1737,153,11866,877,102,2503,16.4,2.8,1287,9.8,0.6,89,11,28.1,1180,4,4,16469,1,14,674,466,0,
1738,137,10983,805,56,2340,17.1,2.9,983,8.2,0.4,81,9,28.9,1089,2,2,14769,1,14,642,414,0,
3799,101,9206,706,407,1927,19.1,2.6,1631,15.1,2.8,54,9,35.7,1091,22,7,14406,0,83,686,272,0,
1754,30,4147,149,102,869,29.0,5.8,110,2.6,1.7,26,5,33.4,567,4,3,6073,3,0,313,251,0,
1755,31,3981,142,78,820,26.5,5.7,100,2.5,1.3,27,5,30.4,550,2,1,5882,3,0,300,247,0,
634,33,4393,305,188,1051,31.8,3.4,666,13.2,2.9,25,4,42.0,996,7,2,6379,4,9,466,484,1,
1759,30,4106,149,102,847,28.2,5.7,104,2.5,1.7,26,5,32.6,559,4,3,6015,3,0,310,246,0,
3808,276,33183,1756,2082,7505,27.2,4.3,7663,18.8,4.0,231,28,32.5,12417,125,37,51554,0,25,6751,5608,8,
3810,47,4042,324,64,868,18.5,2.6,1010,20.0,0.9,27,7,32.1,736,2,2,7000,1,4,502,219,1,
3816,277,30067,2702,2387,7118,25.7,2.6,7047,19.0,4.9,155,31,45.9,3322,70,29,48290,0,13,2238,982,1,
1771,117,8158,549,1454,1287,11.0,2.2,867,9.6,12.6,103,19,12.5,958,90,24,11513,0,10,703,242,1,
1772,117,8209,555,1430,1295,11.1,2.2,892,9.8,12.3,103,19,12.6,967,92,24,11612,0,10,713,241,1,
1773,473,37554,3654,902,9748,20.6,2.6,10644,22.1,1.5,229,23,42.6,4169,32,19,60881,1,16,2935,1023,1,
1774,172,18403,777,1256,3544,20.6,4.5,1064,5.5,5.7,109,14,32.5,2270,81,11,21993,0,9,1722,518,0,
1776,172,18395,777,1256,3542,20.6,4.5,1064,5.5,5.7,109,14,32.5,2265,81,11,21984,0,9,1717,518,0,
1777,179,19175,820,1310,3687,20.6,4.4,1075,5.3,5.7,112,14,32.9,2302,83,12,22873,0,9,1740,531,0,
1781,49,3044,211,779,556,11.3,2.6,468,13.3,15.3,37,14,15.0,551,58,15,5098,0,15,391,144,0,
1782,40,1786,135,163,315,7.9,2.3,278,13.5,5.2,28,8,11.3,312,9,6,3121,0,5,212,94,0,
3836,262,34406,1785,1938,8009,30.6,4.5,8005,18.9,3.6,223,30,35.9,11907,129,39,53171,0,23,6874,4970,4,
3837,271,34466,1812,2235,7877,29.1,4.3,7628,18.1,4.2,230,29,34.2,12594,134,40,52905,0,24,6928,5609,4,
3333,351,18935,1725,116,3807,10.8,2.2,958,4.8,0.4,298,60,12.8,1698,8,7,31740,2,3,1243,450,0,
3845,30,3293,138,69,612,20.4,3.9,116,3.4,1.7,24,7,25.5,394,6,5,4108,0,2,248,144,0,
3846,39,3497,166,60,648,16.6,3.5,122,3.4,1.4,32,8,20.3,353,4,3,4358,0,2,232,119,0,
1804,35,2975,167,0,574,16.4,3.3,422,12.4,0.0,27,3,21.3,504,0,0,3951,0,2,364,128,0,
1805,35,2974,167,0,575,16.4,3.3,422,12.4,0.0,27,3,21.3,504,0,0,3950,0,2,364,128,0,
3861,374,42900,4306,6296,10933,29.2,2.5,6046,12.4,10.8,175,16,62.5,5815,295,18,58481,1,9,3667,2081,3,
3862,374,42913,4309,6335,10931,29.2,2.5,6048,12.4,10.8,175,16,62.5,5815,297,20,58496,1,9,3667,2081,3,
3864,348,41119,4085,6323,10443,30.0,2.5,6192,13.1,11.1,162,16,64.5,5704,297,20,56774,1,9,3601,2028,2,
1829,603,50318,3933,2933,10524,17.5,2.7,6506,11.4,4.2,466,92,22.6,4716,134,51,70102,89,55,2480,2072,0,
1830,603,50318,3933,2933,10524,17.5,2.7,6506,11.4,4.2,466,92,22.6,4716,134,51,70102,89,55,2480,2072,0,
1831,603,50318,3933,2933,10524,17.5,2.7,6506,11.4,4.2,466,92,22.6,4716,134,51,70102,89,55,2480,2072,0,
1833,206,20220,1469,712,3860,18.7,2.6,3396,14.4,2.2,147,19,26.3,2354,30,16,31714,2,0,1769,443,9,
1834,206,20220,1469,712,3860,18.7,2.6,3396,14.4,2.2,147,19,26.3,2354,30,16,31714,2,0,1769,443,1,
1839,197,10549,924,641,2109,10.7,2.3,1047,9.0,4.3,176,38,12.0,1252,17,8,14925,0,27,818,391,0,
1840,197,10457,919,641,2091,10.6,2.3,1043,9.1,4.3,176,38,11.9,1236,17,8,14817,0,25,810,385,0,
1841,197,10549,924,641,2109,10.7,2.3,1047,9.0,4.3,176,38,12.0,1251,17,8,14925,0,27,818,390,0,
1845,109,10800,634,1142,1744,16.0,2.7,2371,18.0,6.0,80,13,21.8,1019,39,16,19143,4,35,530,406,1,
1846,115,11643,677,914,1901,16.5,2.7,2590,18.2,4.4,84,13,22.6,1120,41,17,20625,4,34,621,408,1,
1847,109,10801,634,1142,1744,16.0,2.7,2365,18.0,6.0,80,13,21.8,1018,39,16,19139,4,38,526,406,1,
1855,31,2923,169,54,619,20.0,3.7,65,2.2,1.4,30,3,20.6,469,4,3,3814,0,6,346,116,1,
1856,31,2923,169,54,619,20.0,3.7,65,2.2,1.4,30,3,20.6,469,4,3,3814,0,6,346,116,1,
1857,31,2923,169,54,619,20.0,3.7,65,2.2,1.4,30,3,20.6,469,4,3,3814,0,6,346,116,1,
3916,74,4041,426,138,808,10.9,1.9,326,7.5,2.4,66,13,12.2,481,8,7,5664,2,0,363,102,0,
3917,72,3922,421,164,796,11.1,1.9,254,6.1,3.0,64,12,12.4,465,10,9,5430,2,0,347,102,0,
3918,68,3391,375,0,688,10.1,1.8,201,5.6,0.0,60,12,11.5,395,0,0,4710,2,0,288,94,0,
2701,64,4080,228,64,546,8.5,2.4,316,7.2,1.0,46,4,11.9,206,4,4,6170,0,7,98,99,0,
3926,40,4368,238,39,1202,30.1,5.0,123,2.7,0.7,31,3,38.8,882,2,1,5560,1,6,295,578,1,
3930,41,4782,245,39,1295,31.6,5.2,144,2.9,0.6,31,3,41.8,923,2,1,6037,1,6,314,601,1,
1897,28,2252,207,0,427,15.3,2.0,372,14.2,0.0,23,6,18.6,243,0,0,3507,0,1,118,124,6,
3946,74,6143,368,461,1082,14.6,2.9,920,13.0,4.7,64,12,16.9,1093,40,15,9885,0,10,747,327,0,
3947,74,6261,370,461,1097,14.8,3.0,939,13.0,4.6,64,12,17.1,1108,40,15,10035,0,10,761,328,0,
3949,41,3852,295,120,780,19.0,2.6,715,15.7,2.0,27,5,28.9,785,6,4,6042,0,2,554,220,1,
3950,41,3939,300,120,809,19.7,2.7,720,15.5,2.0,27,5,30.0,792,6,4,6143,0,2,561,220,1,
3951,42,4635,348,95,1022,24.3,2.9,729,13.6,1.4,28,3,36.5,881,6,4,6767,0,3,642,227,1,
3959,29,1945,139,56,379,13.1,2.7,381,16.4,1.6,22,5,17.2,192,2,1,3606,0,1,97,94,0,
3960,29,1945,139,56,379,13.1,2.7,381,16.4,1.6,22,5,17.2,192,2,1,3606,0,1,97,94,0,
1936,53,3692,276,214,791,14.9,2.8,392,9.6,4.2,40,8,19.8,388,14,7,5062,0,23,234,131,0,
3736,33,4111,193,72,800,24.2,4.1,375,8.4,1.3,19,3,42.1,782,4,2,5755,0,6,554,197,0,
1938,53,3701,276,214,792,14.9,2.8,392,9.6,4.2,40,8,19.8,384,14,7,5076,0,23,234,127,0,
3987,32,11509,330,460,2378,74.3,7.2,2559,18.2,2.8,30,3,79.3,2897,28,6,16306,0,1,1630,1266,0,
3993,31,11301,328,460,2343,75.6,7.1,2524,18.3,2.9,29,3,80.8,2842,28,6,16017,0,1,1594,1247,0,
3997,31,11301,328,460,2343,75.6,7.1,2524,18.3,2.9,29,3,80.8,2842,28,6,16017,0,1,1594,1247,0,
1952,140,10217,872,730,2007,14.3,2.3,691,6.3,5.2,76,7,26.4,1403,48,18,14098,0,41,815,541,4,
3218,65,4994,259,0,850,13.1,3.2,1108,18.2,0.0,50,14,17.0,435,0,0,8065,0,2,203,224,0,
4010,98,6546,514,122,1348,13.8,2.6,962,12.8,1.3,66,14,20.4,675,4,4,9734,1,4,473,195,1,
4013,99,6655,517,122,1363,13.8,2.6,972,12.7,1.2,67,14,20.3,678,4,4,9886,1,4,471,198,1,
4014,101,6847,531,98,1402,13.9,2.6,989,12.6,1.0,68,14,20.6,696,4,4,10144,1,4,479,207,1,
1974,166,17664,1096,767,3617,21.8,3.3,2924,14.2,2.7,109,22,33.2,1403,52,13,28316,4,14,900,399,0,
4024,20,2465,114,203,374,18.7,3.2,383,13.4,5.3,21,6,17.8,926,17,8,3823,0,7,403,511,0,
4026,49,6202,351,522,1827,37.3,5.4,2347,27.5,5.2,29,2,63.0,1074,47,9,10040,1,25,771,255,0,
1979,26,2398,184,625,545,21.0,3.0,224,8.5,20.7,20,1,27.3,613,39,8,3016,0,0,336,276,4,
4028,46,5686,331,340,1726,37.5,5.4,2288,28.7,3.6,27,2,63.9,956,30,7,9424,1,22,671,240,0,
4029,180,30163,1397,522,6473,36.0,4.6,5072,14.4,1.2,94,8,68.9,2271,28,12,42396,0,3,1229,938,0,
4033,45,2876,205,28,627,13.9,3.0,208,6.7,0.7,34,8,18.4,403,2,1,3838,0,1,218,184,0,
4034,45,2900,205,28,631,14.0,3.0,208,6.7,0.7,34,8,18.6,399,2,1,3864,0,1,213,185,0,
4035,40,2286,169,27,431,10.8,2.5,183,7.4,0.9,29,8,14.9,262,2,1,3074,0,1,139,120,0,
1992,23,1903,122,24,451,19.6,3.7,48,2.5,1.0,19,6,23.7,279,2,1,2518,0,1,222,56,0,
1994,23,1910,122,24,455,19.8,3.7,47,2.4,0.9,19,6,23.9,279,2,1,2527,0,1,222,56,0,
1995,22,1916,122,24,461,21.0,3.8,47,2.4,0.9,19,6,24.3,276,2,1,2534,0,1,220,55,0,
4055,294,38604,2190,8414,7711,26.2,3.4,4261,9.9,16.9,193,22,40.0,4476,618,70,49699,4,23,2734,1660,0,
4058,317,42453,2362,10026,8535,26.9,3.5,4251,9.1,18.6,207,23,41.2,4857,724,79,53975,5,31,2991,1777,0,
4059,322,42910,2388,11083,8614,26.8,3.5,4355,9.2,20.3,210,24,41.0,5044,731,83,54639,5,31,3054,1901,0,
2017,25,1488,151,246,353,14.1,2.1,43,2.8,12.2,22,9,16.0,133,6,4,2022,0,11,91,24,0,
2023,66,4278,338,691,768,11.6,2.3,2689,38.6,6.2,60,12,12.8,666,29,13,11061,3,5,542,116,0,
4072,147,12266,1091,468,2921,19.9,2.6,1301,9.6,2.9,69,5,42.3,1336,32,15,16358,4,6,836,434,0,
2025,20,1299,134,187,297,14.9,2.2,160,11.0,8.2,20,4,14.9,273,11,5,2281,0,0,101,165,1,


