1,58,3885,314,12,839,14.5,2.6,533,12.1,0.2,38,6,22.1,412,2,1,6207,0,0,246,126,51.1111111111,
2,57,3782,306,12,822,14.4,2.7,532,12.3,0.2,37,6,22.2,398,2,1,6063,0,0,237,123,51.1111111111,
3,57,3782,306,12,822,14.4,2.7,532,12.3,0.2,37,6,22.2,398,2,1,6063,0,0,237,123,51.1111111111,
28,63,4708,456,210,991,15.7,2.1,2827,37.5,1.9,61,10,16.2,789,8,3,10880,0,2,553,229,51.1111111111,
29,61,4519,441,210,955,15.7,2.1,2799,38.2,2.0,60,10,15.9,784,8,3,10595,0,2,545,232,51.1111111111,
32,63,4680,456,210,989,15.7,2.1,2823,37.6,1.9,61,10,16.2,789,8,3,10839,0,2,553,229,51.1111111111,
34,63,6106,396,141,1274,20.2,3.2,180,2.9,1.9,48,9,26.5,493,9,7,7526,0,1,201,287,51.1111111111,
2089,344,15498,1474,809,3201,9.3,2.2,7539,32.7,2.1,208,16,15.4,1241,47,7,38770,1,0,920,258,51.1111111111,
2090,356,17372,1546,809,3530,9.9,2.3,8104,31.8,1.9,219,18,16.1,1791,47,7,41727,1,19,1345,358,51.1111111111,
2091,356,17348,1547,809,3523,9.9,2.3,8057,31.7,1.9,219,18,16.1,1761,47,7,41645,1,19,1319,354,51.1111111111,
4140,68,4838,358,212,955,14.0,2.6,217,4.3,3.5,41,10,23.3,565,13,5,6084,0,7,315,229,51.1111111111,
4141,85,6265,464,274,1246,14.7,2.7,313,4.8,3.5,57,11,21.9,735,17,4,7836,0,9,397,313,51.1111111111,
4142,64,4173,326,252,795,12.4,2.4,147,3.4,4.8,38,8,20.9,505,15,5,5235,0,8,280,205,51.1111111111,
53,24,2375,159,51,348,14.5,2.1,227,8.7,1.6,24,6,14.5,570,2,1,3279,0,1,462,106,51.1111111111,
2108,56,5091,388,36,1080,19.3,2.8,418,7.6,0.6,33,9,32.7,702,2,2,6528,1,13,450,227,51.1111111111,
2110,56,5039,384,36,1067,19.1,2.8,415,7.6,0.6,33,9,32.3,701,2,2,6457,1,12,455,223,51.1111111111,
63,27,3072,191,78,763,28.3,3.9,286,8.5,1.9,19,2,40.2,896,4,3,4075,0,3,433,451,51.1111111111,
65,27,3069,191,78,762,28.2,3.9,287,8.6,1.9,19,2,40.1,899,4,3,4072,0,3,433,454,51.1111111111,
66,27,3065,191,78,760,28.1,3.9,287,8.6,1.9,19,2,40.0,897,4,3,4068,0,3,432,453,51.1111111111,
4163,151,13852,778,851,2893,19.2,3.6,1160,7.7,4.4,103,15,28.1,2678,71,19,19382,0,69,2177,429,51.1111111111,
70,57,4882,402,75,1127,19.8,2.7,644,11.7,1.1,30,9,37.6,519,2,1,6981,0,6,283,224,51.1111111111,
71,62,4932,396,75,1113,18.0,2.7,683,12.2,1.0,34,10,32.7,452,2,1,7803,0,6,241,200,51.1111111111,
72,57,4905,405,75,1133,19.9,2.7,649,11.7,1.1,30,9,37.8,510,2,1,7015,0,6,285,213,51.1111111111,
2134,290,20741,1268,1144,3353,11.6,2.5,1283,5.8,3.8,193,22,17.4,1896,66,32,30057,5,19,1118,752,51.1111111111,
2135,546,47210,4400,2902,12855,23.5,2.9,30836,39.5,2.7,404,45,31.8,4581,154,55,106311,6,32,2431,2055,51.1111111111,
4187,324,29281,2699,1958,6494,20.0,2.4,7689,20.8,4.1,234,26,27.8,2483,65,33,48251,0,28,1693,657,51.1111111111,
93,106,7385,491,301,1427,13.5,2.9,277,3.6,2.6,85,18,16.8,747,19,8,11374,0,8,536,197,51.1111111111,
95,46,2887,200,0,586,12.7,2.9,1086,27.3,0.0,32,12,18.3,335,0,0,5938,0,1,204,127,51.1111111111,
96,47,3050,208,0,618,13.1,2.9,1126,27.0,0.0,33,12,18.7,348,0,0,6231,0,1,215,129,51.1111111111,
98,46,2891,200,0,587,12.8,2.9,1086,27.3,0.0,32,12,18.3,335,0,0,5945,0,1,204,127,51.1111111111,
99,62,3317,291,36,719,11.6,2.5,788,19.2,0.6,44,6,16.3,193,2,2,6014,1,0,116,72,51.1111111111,
2155,26,3142,111,80,671,25.8,6.0,430,12.0,1.6,23,3,29.2,629,2,1,4968,1,3,429,188,51.1111111111,
2156,26,3094,111,80,658,25.3,5.9,428,12.2,1.6,23,3,28.6,608,2,1,4913,1,3,415,181,51.1111111111,
2157,26,3102,111,80,660,25.4,5.9,430,12.2,1.6,23,3,28.7,611,2,1,4925,1,3,418,181,51.1111111111,
2158,132,9883,655,209,2039,15.4,3.0,1161,10.5,1.4,78,11,26.1,718,10,5,14712,1,3,259,437,51.1111111111,
2167,94,8965,537,2067,1198,12.7,2.2,1108,11.0,15.4,78,12,15.4,12862,93,34,13421,2,2,1040,11815,52.0,
2183,74,4804,429,90,1026,13.9,2.4,289,5.7,1.3,48,13,21.4,253,8,6,6974,4,1,144,95,51.1111111111,
2184,74,4803,429,90,1026,13.9,2.4,289,5.7,1.3,48,13,21.4,253,8,6,6973,4,1,144,95,51.1111111111,
2185,74,4808,429,90,1027,13.9,2.4,289,5.7,1.3,48,13,21.4,251,8,6,6980,4,1,144,93,51.1111111111,
139,186,12518,491,1852,1768,9.5,3.6,3338,21.1,8.3,181,51,9.8,842,144,34,22328,7,8,494,321,51.1111111111,
140,192,12918,522,1912,1850,9.6,3.5,3408,20.9,8.3,187,52,9.9,883,149,34,22985,7,8,523,333,51.1111111111,
2193,155,14394,798,838,2986,19.3,3.6,1169,7.5,4.2,104,16,28.7,2751,72,19,20035,0,68,2221,459,51.1111111111,
4249,129,10907,745,138,2590,20.1,3.4,935,7.9,1.0,82,7,31.6,1618,12,7,14338,0,19,1223,375,51.1111111111,
155,62,2690,196,128,454,7.3,2.3,477,15.1,2.4,54,9,8.4,169,4,4,5347,1,14,100,52,51.1111111111,
156,62,2670,196,128,449,7.2,2.3,473,15.0,2.4,54,9,8.3,162,4,4,5319,1,11,97,51,51.1111111111,
157,46,2137,156,126,344,7.5,2.2,403,15.9,2.9,45,9,7.6,147,6,6,4362,0,12,81,47,51.1111111111,
4255,129,10911,745,138,2595,20.1,3.4,935,7.9,1.0,82,7,31.6,1620,12,7,14344,0,19,1225,375,51.1111111111,
4259,128,11152,764,216,2555,20.0,3.3,961,7.9,1.5,82,7,31.2,1545,16,10,14750,0,19,1149,374,51.1111111111,
4267,30,1568,126,0,284,9.5,2.1,43,2.7,0.0,25,11,11.4,112,0,0,2013,0,9,80,23,51.1111111111,
4274,52,4576,329,0,841,16.2,2.5,309,6.3,0.0,44,15,19.1,199,0,0,5701,0,0,61,135,51.1111111111,
4285,147,15093,997,343,3411,23.2,3.0,1352,8.2,1.6,89,12,38.3,2453,18,8,21473,2,35,1720,677,51.1111111111,
4292,204,14147,1237,0,3057,15.0,2.5,898,6.0,0.0,124,23,24.7,810,0,0,22619,1,1,470,333,51.1111111111,
4294,201,13984,1224,0,3020,15.0,2.5,885,6.0,0.0,123,23,24.6,804,0,0,22341,1,1,457,338,51.1111111111,
4295,201,13965,1223,0,3008,15.0,2.5,885,6.0,0.0,123,23,24.5,801,0,0,22316,1,1,454,338,51.1111111111,
2258,58,3132,300,0,644,11.1,2.1,228,6.8,0.0,29,4,22.2,352,0,0,4429,3,0,299,46,51.1111111111,
227,37,3801,233,315,817,22.1,3.5,51,1.3,6.0,29,4,28.2,271,18,7,5210,12,1,168,90,51.1111111111,
228,37,3844,234,305,823,22.2,3.5,51,1.3,5.8,29,4,28.4,273,18,7,5262,12,1,169,91,51.1111111111,
4335,42,3354,237,33,666,15.9,2.8,246,6.8,0.7,40,9,16.7,255,2,1,4936,0,0,135,113,51.1111111111,
241,111,10640,737,77,1879,16.9,2.5,3413,24.3,0.4,104,17,18.1,1880,6,4,20985,4,6,1408,455,51.1111111111,
243,110,10392,724,77,1826,16.6,2.5,3344,24.3,0.4,104,17,17.6,1777,6,4,20585,4,6,1336,424,51.1111111111,
244,108,9909,699,108,1748,16.2,2.5,3282,24.9,0.5,103,17,17.0,1651,8,5,19930,4,3,1241,396,51.1111111111,
2294,167,16195,1070,258,3646,21.8,3.4,1383,7.9,1.1,149,25,24.5,3374,24,9,23347,8,48,1707,1555,51.1111111111,
2301,33,11212,460,4148,1294,39.2,2.8,2986,21.0,26.2,29,5,44.6,14905,259,10,15835,0,10,937,13958,51.1111111111,
2302,33,11170,458,4148,1289,39.1,2.8,2986,21.1,26.3,29,5,44.4,14903,259,10,15790,0,10,935,13958,51.1111111111,
2308,43,3299,224,100,691,16.1,3.0,609,15.6,1.8,31,10,22.3,834,7,3,5476,1,11,504,311,51.1111111111,
2309,39,2352,187,52,511,13.1,2.7,326,12.2,1.4,25,7,20.4,667,2,2,3808,1,10,367,285,51.1111111111,
2310,66,5636,383,186,1241,18.8,3.0,985,14.9,2.0,42,11,29.5,1324,10,8,9152,2,24,730,560,51.1111111111,
2319,113,12595,626,2051,2391,21.2,3.8,293,2.3,13.6,57,6,41.9,2065,178,29,15029,0,18,1533,514,51.1111111111,
2322,110,12199,606,2003,2313,21.0,3.8,294,2.4,13.7,56,6,41.3,2000,174,28,14588,0,17,1467,516,51.1111111111,
2324,132,14885,769,2022,2966,22.5,3.8,963,6.1,10.7,64,6,46.3,2264,176,29,18904,0,19,1671,574,51.1111111111,
2331,30,3609,182,153,1129,37.6,6.2,863,19.3,2.7,27,3,41.8,1255,5,2,5685,0,4,1086,162,51.1111111111,
4385,55,5271,398,98,1251,22.7,3.1,480,8.3,1.3,34,4,36.8,1244,4,4,7414,0,12,624,590,51.1111111111,
4386,51,4919,396,153,1216,23.8,3.0,173,3.4,2.3,32,4,38.0,1114,9,6,6605,0,13,536,550,51.1111111111,
2346,70,6890,529,173,1519,21.7,2.9,4342,38.7,1.2,67,8,22.7,1474,8,6,13936,0,7,745,713,51.1111111111,
2347,69,6833,523,173,1507,21.8,2.9,4333,38.8,1.2,66,8,22.8,1467,8,6,13851,0,7,742,709,51.1111111111,
2348,70,6878,528,173,1517,21.7,2.9,4342,38.7,1.2,67,8,22.6,1470,8,6,13922,0,7,741,713,51.1111111111,
314,312,31028,1738,1670,5613,18.0,3.2,3754,10.8,3.6,204,22,27.5,2865,76,36,45984,2,8,1588,1215,51.1111111111,
2101,58,5375,405,36,1138,19.6,2.8,424,7.3,0.5,34,9,33.5,778,2,2,6866,1,13,505,247,51.1111111111,
2368,35,2170,122,134,467,13.3,3.8,157,6.7,4.8,23,1,20.3,288,6,4,2775,0,4,167,113,51.1111111111,
321,313,31000,1729,1652,5598,17.9,3.2,3774,10.9,3.6,204,22,27.4,2861,74,36,45999,2,8,1579,1221,51.1111111111,
2380,76,7309,591,191,1528,20.1,2.6,1571,17.7,1.6,57,14,26.8,1181,12,5,12094,0,1,539,638,51.1111111111,
2381,72,7260,533,230,1496,20.8,2.8,1523,17.3,1.9,50,13,29.9,1167,14,7,11816,0,1,534,629,51.1111111111,
2382,72,7234,533,230,1493,20.7,2.8,1521,17.4,2.0,50,13,29.9,1163,14,7,11788,0,1,530,629,51.1111111111,
2383,31,2787,178,68,530,17.1,2.8,306,9.9,1.8,30,11,17.7,359,4,3,3769,0,5,201,148,51.1111111111,
2384,31,2787,178,68,530,17.1,2.8,306,9.9,1.8,30,11,17.7,359,4,3,3769,0,5,201,148,51.1111111111,
2392,159,14832,1153,826,3764,23.7,3.2,1689,10.2,4.0,119,15,31.6,1644,47,21,20472,3,21,1103,464,51.1111111111,
2394,132,11911,942,939,2947,22.3,3.1,1493,11.1,5.7,98,14,30.1,1510,50,16,16617,2,19,997,431,51.1111111111,
2396,159,14739,1149,826,3727,23.4,3.2,1687,10.3,4.1,119,15,31.3,1645,47,21,20371,3,21,1106,462,51.1111111111,
2398,44,4130,202,76,838,19.0,4.1,142,3.3,1.5,31,1,27.0,762,4,4,4968,0,8,506,245,51.1111111111,
2399,44,4136,202,76,837,19.0,4.1,143,3.3,1.5,31,1,27.0,762,4,4,4974,0,8,505,246,51.1111111111,
2400,50,4231,206,76,846,16.9,4.0,138,3.2,1.5,33,1,25.6,767,4,4,5083,0,8,507,249,51.1111111111,
374,278,18679,1551,2616,3499,12.6,2.3,715,3.7,11.1,245,26,14.3,2221,159,69,23554,1,33,1461,714,51.1111111111,
375,266,17806,1496,2563,3373,12.7,2.3,747,4.0,11.3,237,25,14.2,2128,151,66,22725,2,32,1396,686,51.1111111111,
379,267,17843,1501,2611,3403,12.7,2.3,763,4.1,11.4,241,24,14.1,2117,158,68,22808,2,31,1391,681,51.1111111111,
380,128,5476,504,42,1118,8.7,2.2,257,4.5,0.6,94,4,11.9,853,2,2,7256,0,1,356,491,53.3333333333,
389,57,5016,322,222,1046,18.4,3.2,65,1.3,3.7,31,5,33.7,1907,12,9,6015,0,10,1459,431,51.1111111111,
390,59,5195,328,222,1079,18.3,3.3,84,1.6,3.6,32,5,33.7,1943,12,9,6247,0,12,1488,436,51.1111111111,
391,57,5002,321,222,1043,18.3,3.2,65,1.3,3.7,31,5,33.6,1909,12,9,6003,0,11,1460,431,51.1111111111,
395,27,2027,160,0,419,15.5,2.6,205,9.2,0.0,21,3,20.0,177,0,0,2748,0,9,102,66,51.1111111111,
399,62,8368,466,86,1421,22.9,3.0,724,8.0,0.8,53,10,26.8,2503,6,2,11397,1,4,2084,366,51.1111111111,
400,62,8213,464,86,1393,22.5,3.0,701,7.9,0.8,53,10,26.3,2448,6,2,11189,1,4,2044,360,51.1111111111,
4167,57,3504,344,0,698,12.2,2.0,1079,23.5,0.0,47,7,14.9,827,0,0,6935,4,14,416,391,51.1111111111,
4168,59,3611,351,0,719,12.2,2.0,1061,22.7,0.0,47,7,15.3,817,0,0,7044,4,13,436,362,51.1111111111,
2489,39,3633,267,0,743,19.1,2.6,213,5.5,0.0,24,4,31.0,608,0,0,4734,0,1,453,154,51.1111111111,
2491,39,3624,267,0,740,19.0,2.6,213,5.6,0.0,24,4,30.8,604,0,0,4725,0,1,449,154,51.1111111111,
450,87,3886,320,0,786,9.0,2.5,245,5.9,0.0,71,16,11.2,332,0,0,5496,0,2,193,125,51.1111111111,
2513,474,39187,2785,1603,8694,18.3,3.0,14001,26.3,2.3,233,19,37.3,6976,91,32,70019,7,19,4746,2152,51.1111111111,
2514,36,6749,308,950,1264,35.1,4.1,2805,29.4,8.3,24,1,52.7,1747,69,15,11440,0,0,990,741,51.1111111111,
2515,36,6749,308,950,1264,35.1,4.1,2805,29.4,8.3,24,1,52.7,1747,69,15,11440,0,0,990,741,51.1111111111,
470,38,2601,215,0,503,13.2,2.3,243,8.5,0.0,29,5,17.3,283,0,0,4157,0,0,162,121,51.1111111111,
474,90,6363,438,225,1070,11.9,2.3,58,0.9,2.8,45,7,23.8,482,14,8,8178,0,1,219,262,51.1111111111,
477,96,7262,482,233,1210,12.6,2.4,61,0.8,2.5,50,7,24.2,551,12,8,9285,0,1,239,311,51.1111111111,
488,84,6738,494,46,1386,16.5,2.6,407,5.7,0.5,56,14,24.8,666,4,4,9521,0,29,456,161,51.1111111111,
2537,110,9745,797,785,2460,22.4,3.0,6172,38.8,3.7,96,11,25.6,1235,31,13,21471,0,7,793,393,51.1111111111,
2538,110,9735,798,785,2461,22.4,3.0,6171,38.8,3.7,96,11,25.6,1234,31,13,21463,0,7,790,393,51.1111111111,
495,255,25028,2720,2244,6416,25.2,2.3,6678,21.1,5.4,128,18,50.1,2000,70,30,41929,5,3,1459,456,51.1111111111,
87,106,7366,488,285,1423,13.4,2.9,271,3.5,2.5,85,18,16.7,750,18,8,11338,0,8,539,197,51.1111111111,
2590,95,6176,662,143,1309,13.8,1.9,601,8.9,1.6,50,8,26.2,546,50,2,8857,1,1,248,274,51.1111111111,
2591,95,6172,662,143,1310,13.8,1.9,603,8.9,1.6,50,8,26.2,546,50,2,8852,1,1,247,275,51.1111111111,
2593,95,6162,661,143,1306,13.7,1.9,601,8.9,1.6,50,8,26.1,546,50,2,8842,1,1,248,274,51.1111111111,
91,106,7399,493,301,1439,13.6,2.9,288,3.7,2.6,85,18,16.9,749,19,8,11400,0,7,538,198,51.1111111111,
550,55,3699,267,100,804,14.6,3.0,115,3.0,2.5,27,3,29.8,744,9,3,3996,1,3,624,110,51.1111111111,
553,81,5532,424,312,1077,13.3,2.5,864,13.5,3.5,60,6,18.0,683,18,10,9007,0,0,286,385,51.1111111111,
554,78,5455,419,312,1065,13.7,2.5,842,13.4,3.5,57,6,18.7,674,18,10,8854,0,0,280,382,51.1111111111,
555,81,5532,424,312,1077,13.3,2.5,864,13.5,3.5,60,6,18.0,683,18,10,9007,0,0,286,385,51.1111111111,
2605,68,6831,379,1192,1546,22.7,4.1,680,9.1,13.3,44,11,35.1,1788,77,15,8946,0,94,1159,533,51.1111111111,
2606,68,6831,379,1192,1548,22.8,4.1,680,9.1,13.3,44,11,35.2,1790,77,15,8947,0,94,1161,533,51.1111111111,
2610,103,6933,570,0,1443,14.0,2.3,491,6.6,0.0,75,7,19.2,748,0,0,10603,0,9,611,128,51.1111111111,
2611,108,7091,596,42,1477,13.7,2.2,475,6.3,0.4,78,7,18.9,754,2,2,10830,0,10,613,131,51.1111111111,
2623,108,7092,596,42,1481,13.7,2.2,475,6.3,0.4,78,7,19.0,752,2,2,10833,0,10,611,131,51.1111111111,
2144,24,1650,134,67,367,15.3,2.5,49,2.9,2.6,24,5,15.3,393,6,4,2553,0,4,332,56,51.1111111111,
578,2721,280508,22629,15483,58788,21.6,2.6,34531,11.0,3.3,2237,335,26.3,73332,518,193,475062,1720,211,55503,15614,51.1111111111,
579,2388,255738,20376,13552,51925,21.7,2.5,29718,10.4,3.1,1948,303,26.7,68329,454,165,436184,1630,194,52644,13624,51.1111111111,
580,2522,269639,21788,15392,56747,22.5,2.6,31776,10.5,3.4,2066,321,27.5,72103,505,187,455666,1715,212,54964,14930,51.1111111111,
581,35,2845,195,136,452,12.9,2.2,229,7.4,3.6,21,5,21.5,261,4,4,3784,0,1,164,89,51.1111111111,
586,151,23296,924,3670,4886,32.4,4.9,3615,13.4,11.8,120,9,40.7,5139,250,49,31152,0,43,4102,988,51.1111111111,
587,151,23239,921,3677,4863,32.2,4.9,3604,13.4,11.8,120,9,40.5,5120,251,49,31072,0,43,4085,986,51.1111111111,
4194,43,3166,258,0,704,16.4,2.7,54,1.7,0.0,30,8,23.5,948,0,0,4439,0,9,832,97,51.1111111111,
2640,302,43533,2627,2083,10073,33.4,3.6,8900,17.0,3.1,217,42,46.4,5934,107,37,67543,2,10,3351,2435,51.1111111111,
4195,43,3170,259,0,714,16.6,2.8,54,1.7,0.0,30,8,23.8,948,0,0,4440,0,9,839,90,51.1111111111,
2646,301,43041,2616,1996,10040,33.4,3.6,9111,17.5,3.0,216,42,46.5,6218,99,36,67212,2,10,3643,2435,51.1111111111,
2667,300,20057,1587,464,4087,13.6,2.6,2600,11.5,1.3,279,32,14.6,1828,16,14,35058,0,3,1317,508,51.1111111111,
2668,297,19627,1561,430,3986,13.4,2.5,2561,11.5,1.3,276,32,14.4,1786,14,12,34395,0,3,1291,492,51.1111111111,
2672,300,20053,1587,464,4085,13.6,2.6,2600,11.5,1.3,279,32,14.6,1826,16,14,35051,0,3,1315,508,51.1111111111,
626,307,27829,2700,1854,6908,22.5,2.5,6534,19.0,4.1,174,25,39.7,3042,64,24,45018,0,17,2121,794,51.1111111111,
627,307,27936,2705,1854,6939,22.6,2.5,6535,19.0,4.1,174,25,39.9,3052,64,24,45131,0,17,2126,799,51.1111111111,
628,307,27640,2690,1801,6849,22.3,2.5,6527,19.1,4.0,174,25,39.4,3026,60,22,44786,0,17,2107,792,51.1111111111,
2681,31,4674,202,73,753,24.3,3.4,751,13.8,0.9,24,4,31.4,1296,6,1,7763,0,9,975,299,51.1111111111,
2688,31,4542,200,73,721,23.3,3.3,758,14.3,1.0,24,4,30.0,1254,6,1,7585,0,8,944,292,51.1111111111,
2696,31,4655,202,61,754,24.3,3.4,754,13.9,0.8,24,4,31.4,1293,4,1,7744,0,9,971,301,51.1111111111,
2700,64,4084,228,64,547,8.5,2.4,319,7.2,1.0,46,4,11.9,206,4,4,6178,0,7,98,99,51.1111111111,
2498,35,3544,255,0,721,20.6,2.6,210,5.6,0.0,23,4,31.3,569,0,0,4630,0,1,421,147,51.1111111111,
2702,64,4086,228,64,547,8.5,2.4,320,7.3,1.0,46,4,11.9,206,4,4,6182,0,7,98,99,51.1111111111,
2705,30,2355,131,259,444,14.8,3.3,118,4.8,8.9,25,8,17.8,215,20,5,2914,0,0,122,93,51.1111111111,
670,208,15745,1300,507,3418,16.4,2.6,1833,10.4,2.3,82,6,41.7,2238,27,16,22275,3,7,1800,415,51.1111111111,
671,37,2594,246,153,614,16.6,2.5,106,3.9,4.7,19,3,32.3,415,8,4,3270,1,1,302,111,51.1111111111,
673,95,8040,786,530,2798,29.5,3.5,439,5.2,5.5,74,6,37.8,3191,38,11,9562,0,1,2889,299,53.0,
2734,133,13517,966,388,2874,21.6,3.0,602,4.3,2.0,96,16,29.9,814,12,9,19530,1,9,457,344,51.1111111111,
2736,115,10590,744,254,2089,18.2,2.8,324,3.0,1.6,86,16,24.3,618,8,8,15418,1,8,341,263,51.1111111111,
2737,134,13707,984,450,2912,21.7,2.9,604,4.2,2.3,96,16,30.3,825,17,10,19743,1,10,465,346,51.1111111111,
721,28,4169,228,62,753,26.9,2.7,204,4.7,1.2,22,1,34.2,572,4,3,5214,0,32,302,226,51.1111111111,
722,28,4189,228,62,756,27.0,2.7,206,4.7,1.2,22,1,34.4,584,4,3,5236,0,32,310,229,51.1111111111,
2776,31,1766,117,0,378,12.2,3.1,57,3.1,0.0,21,3,18.0,259,0,0,2366,0,9,129,121,51.1111111111,
2777,31,1723,115,0,369,11.9,3.1,49,2.8,0.0,21,3,17.6,253,0,0,2296,0,9,117,127,51.1111111111,
2778,30,1695,113,0,365,12.2,3.1,48,2.8,0.0,20,3,18.3,256,0,0,2239,0,9,115,132,51.1111111111,
735,61,5744,417,162,1187,19.5,2.8,804,12.3,1.9,43,3,27.6,824,14,4,8703,0,19,561,233,51.1111111111,
736,61,5750,417,162,1188,19.5,2.8,804,12.3,1.9,43,3,27.6,825,14,4,8709,0,19,562,233,51.1111111111,
742,317,45129,4952,10403,11444,36.1,2.3,15637,25.7,14.0,79,10,144.9,7160,373,27,74511,2,13,4480,2598,51.1111111111,
747,314,45018,4936,10379,11411,36.3,2.3,15627,25.8,14.0,76,10,150.1,7135,371,25,74331,2,13,4464,2589,51.1111111111,
750,317,45129,4952,10403,11444,36.1,2.3,15637,25.7,14.0,79,10,144.9,7160,373,27,74511,2,13,4479,2599,51.1111111111,
2799,123,11754,656,860,2752,22.4,4.1,715,5.7,5.5,56,5,49.1,1695,42,8,15525,0,5,935,744,51.1111111111,
752,93,5594,481,88,1072,11.5,2.2,360,6.0,1.0,70,12,15.3,1291,4,4,8486,5,13,998,263,51.1111111111,
753,107,6344,549,88,1241,11.6,2.2,407,6.0,0.9,76,12,16.3,1454,4,4,9531,5,30,1127,282,51.1111111111,
754,107,6344,549,88,1248,11.7,2.3,408,6.0,0.9,76,12,16.4,1454,4,4,9532,5,30,1126,283,51.1111111111,
2806,126,11977,667,860,2800,22.2,4.1,730,5.7,5.4,57,5,49.1,1718,42,8,15800,0,5,949,753,51.1111111111,
2808,129,12106,703,797,2859,22.2,4.0,730,5.7,5.0,58,5,49.3,1733,36,8,15974,0,12,964,745,51.1111111111,
2815,68,4732,410,159,1107,16.3,2.7,170,3.5,2.7,33,4,33.5,625,10,3,5894,0,8,443,173,51.1111111111,
2817,77,8479,600,1305,1409,18.3,2.3,1321,13.5,9.8,66,13,21.3,763,57,18,13380,0,4,397,328,51.1111111111,
2819,101,10728,726,2153,1646,16.3,2.3,1433,11.8,12.9,90,14,18.3,900,127,36,16751,0,4,445,418,51.1111111111,
2836,1260,64609,7662,30527,19277,15.3,2.5,4698,6.8,35.5,142,16,135.8,11409,2424,27,86076,4,163,8385,2831,51.1111111111,
2837,1260,64609,7662,30527,19277,15.3,2.5,4698,6.8,35.5,142,16,135.8,11409,2424,27,86076,4,163,8385,2831,51.1111111111,
2840,1260,64609,7662,30527,19277,15.3,2.5,4698,6.8,35.5,142,16,135.8,11411,2424,27,86075,4,163,8387,2831,51.1111111111,
793,123,15750,1012,72,3564,29.0,3.4,169,1.1,0.4,98,19,36.4,1159,4,3,18047,3,12,629,498,51.1111111111,
796,123,15882,1024,72,3609,29.3,3.4,169,1.1,0.4,98,19,36.8,1189,4,3,18195,3,11,635,523,51.1111111111,
802,101,9418,673,0,2117,21.0,3.1,921,8.9,0.0,79,11,26.8,1244,0,0,14513,0,27,796,416,51.1111111111,
804,101,9416,673,0,2117,21.0,3.1,921,8.9,0.0,79,11,26.8,1244,0,0,14511,0,27,796,416,51.1111111111,
826,345,33720,2331,2058,7268,21.1,3.0,2507,6.9,4.7,241,50,30.2,2924,207,32,44081,2,129,1786,985,51.1111111111,
2879,320,29325,2524,322,7199,22.5,2.8,4195,12.5,0.8,150,10,48.0,2646,22,13,42222,12,6,1343,1225,52.2222222222,
837,339,33196,2282,2006,7133,21.0,3.0,2478,6.9,4.6,239,50,29.8,2867,205,31,43445,2,125,1749,969,51.1111111111,
839,62,4490,351,138,926,14.9,2.6,427,8.7,2.3,42,10,22.0,199,12,8,6084,0,1,120,78,51.1111111111,
846,32,2695,171,46,479,15.0,2.8,186,6.5,1.1,24,3,20.0,155,2,2,4034,0,2,88,65,51.1111111111,
847,32,2728,173,46,491,15.3,2.8,198,6.8,1.1,24,3,20.5,156,2,2,4086,0,2,87,67,51.1111111111,
2896,230,16307,1280,401,3013,13.1,2.2,895,5.2,1.8,156,20,19.3,1186,32,13,22031,4,5,956,211,51.1111111111,
2900,219,15264,1217,439,2852,13.0,2.2,830,5.2,2.1,143,17,19.9,1157,36,14,20622,4,6,911,223,51.1111111111,
865,739,51802,5174,2928,11854,16.0,2.3,7650,12.9,3.9,407,31,29.1,3493,130,54,74923,0,27,2138,1208,51.1111111111,
866,716,51502,5166,2972,11971,16.7,2.3,7659,12.9,4.0,397,32,30.2,3386,130,62,74500,0,23,2148,1105,51.1111111111,
867,739,51826,5172,2901,11863,16.1,2.3,7651,12.9,3.9,407,31,29.1,3481,125,54,74947,0,27,2128,1206,51.1111111111,
876,42,4347,185,50,705,16.8,3.8,973,18.3,0.8,33,8,21.4,1188,4,3,6517,1,0,1111,76,51.1111111111,
877,42,4391,185,50,720,17.1,3.9,973,18.1,0.8,33,8,21.8,1219,4,3,6562,1,0,1142,76,51.1111111111,
878,41,4380,185,50,710,17.3,3.8,1011,18.8,0.8,32,8,22.2,1188,4,3,6611,1,0,1112,75,51.1111111111,
1512,41,2570,218,85,582,14.2,2.6,535,17.2,2.2,28,7,20.8,345,4,4,3949,1,3,185,144,51.1111111111,
882,43,4155,245,6,925,21.5,3.6,1883,31.2,0.1,26,5,35.6,1270,2,1,7901,1,7,659,595,51.1111111111,
883,43,4090,243,6,909,21.1,3.6,1963,32.4,0.1,26,5,35.0,1264,2,1,7915,1,7,656,590,51.1111111111,
884,43,4128,245,6,921,21.4,3.6,1956,32.1,0.1,26,5,35.4,1271,2,1,7948,1,7,660,593,51.1111111111,
889,209,19771,2142,1709,4986,23.9,2.3,5408,21.5,5.1,107,22,46.6,1569,44,23,33447,0,3,1225,320,51.1111111111,
2954,100,7224,563,96,1648,16.5,2.8,916,11.3,0.9,77,2,21.4,885,4,2,11073,0,4,589,286,51.1111111111,
2966,25,1576,116,0,332,13.3,2.9,87,5.2,0.0,19,4,17.5,212,0,0,2327,0,5,131,75,51.1111111111,
2988,66,10538,543,618,2439,37.0,4.2,985,8.5,4.6,27,1,90.3,1236,38,9,13418,0,1,751,475,51.1111111111,
2992,732,46905,4231,709,12953,17.7,3.0,1141,2.4,1.1,554,72,23.4,7134,36,21,66090,21,109,3155,3724,51.1111111111,
2993,861,53315,4761,811,14489,16.8,3.0,1171,2.1,1.1,631,85,23.0,7853,41,24,74991,34,122,3536,4027,51.1111111111,
3013,731,46528,4206,709,12861,17.6,3.0,1103,2.3,1.1,554,71,23.2,7076,36,21,65634,21,109,3123,3698,51.1111111111,
3016,731,46634,4212,709,12881,17.6,3.0,1103,2.3,1.1,554,71,23.3,7084,36,21,65749,21,109,3125,3704,51.1111111111,
2894,347,22777,1700,3528,4379,12.6,2.5,1697,6.9,11.0,231,48,19.0,2274,197,59,32028,2,5,1568,697,51.1111111111,
3034,201,20379,2192,1685,5276,26.2,2.4,5940,22.6,4.9,95,20,55.5,1640,50,21,34479,0,4,1243,316,51.1111111111,
2895,231,16327,1285,401,3023,13.1,2.2,903,5.2,1.8,157,21,19.3,1170,32,13,22092,4,5,956,194,51.1111111111,
991,28,1883,100,0,304,10.9,3.0,75,3.8,0.0,19,2,16.0,312,0,0,2287,0,7,208,96,51.1111111111,
1005,112,8514,618,121,1366,12.2,2.2,3011,26.1,0.7,112,20,12.2,1526,6,5,18055,4,5,1169,341,51.1111111111,
1006,122,10154,730,170,1720,14.1,2.3,3350,24.8,0.8,118,21,14.6,1722,10,7,20748,1,2,1299,413,51.1111111111,
1008,118,9539,674,152,1587,13.4,2.3,3246,25.4,0.8,117,21,13.6,1708,8,6,19786,4,5,1282,410,51.1111111111,
1012,160,14617,922,275,2824,17.7,3.1,996,6.4,1.4,109,14,25.9,999,12,9,19783,0,8,559,397,51.1111111111,
1015,161,14812,926,512,2866,17.8,3.1,1004,6.3,2.6,110,14,26.1,1005,18,11,20027,0,8,563,399,51.1111111111,
1016,160,14618,922,275,2824,17.7,3.1,996,6.4,1.4,109,14,25.9,999,12,9,19784,0,8,559,397,51.1111111111,
3078,44,1638,223,0,351,8.0,1.6,1,0.1,0.0,44,5,8.0,143,0,0,2160,0,0,89,54,51.1111111111,
1050,63,4859,328,225,972,15.4,2.9,367,7.0,3.2,51,8,19.1,612,11,6,6966,1,7,367,217,51.1111111111,
1051,53,4597,312,225,929,17.5,3.0,322,6.5,3.5,41,8,22.7,580,11,6,6378,1,7,349,203,51.1111111111,
1052,63,4859,328,225,972,15.4,2.9,367,7.0,3.2,51,8,19.1,612,11,6,6966,1,7,367,217,51.1111111111,
1068,59,4815,347,56,1047,17.7,2.8,755,13.6,0.8,50,10,20.9,726,4,1,7414,0,18,412,261,51.1111111111,
1069,58,4763,342,56,1036,17.9,2.8,755,13.7,0.8,49,10,21.1,723,4,1,7346,0,18,409,261,51.1111111111,
1076,24,1353,94,105,207,8.6,2.2,329,19.6,4.3,21,6,9.9,451,7,3,2466,0,1,289,147,51.1111111111,
2913,342,25622,2327,748,6289,18.4,2.7,11097,30.2,1.6,296,85,21.2,2451,48,17,46705,3,55,1488,854,51.1111111111,
2914,332,26516,2368,905,6508,19.6,2.7,11633,30.5,1.8,286,87,22.8,2577,61,25,48922,4,61,1519,943,51.1111111111,
2915,352,25636,2339,888,6294,17.9,2.7,10817,29.7,1.9,306,85,20.6,2427,56,21,46352,3,56,1467,850,51.1111111111,
3161,126,14170,934,768,3357,26.6,3.6,1157,7.5,4.1,79,6,42.5,1296,46,14,18871,3,27,858,407,52.2222222222,
1129,487,55494,3480,1678,14101,29.0,4.0,7268,11.6,2.2,211,26,66.8,4881,90,30,77416,9,11,2862,1872,51.1111111111,
1130,480,53925,3380,1451,13824,28.8,4.0,6970,11.4,1.9,205,26,67.4,4839,83,28,75112,9,11,2825,1879,51.1111111111,
1131,272,20512,1438,980,5176,19.0,3.5,4620,18.4,2.8,238,37,21.7,3196,49,29,34709,1,13,1645,1514,51.1111111111,
1132,273,20741,1445,950,5233,19.2,3.5,4655,18.3,2.7,239,37,21.9,3235,47,29,35025,1,13,1674,1524,51.1111111111,
3261,42,4269,319,113,783,18.6,2.4,426,9.1,1.8,27,5,29.0,964,9,5,6324,2,18,486,442,51.1111111111,
3184,39,3162,181,192,420,10.8,2.3,60,1.9,4.4,29,4,14.5,238,9,5,4350,0,3,151,84,51.1111111111,
1137,121,5729,505,307,1093,9.0,2.2,380,6.2,3.5,100,16,10.9,1136,17,8,8711,0,0,913,216,51.1111111111,
3187,37,2985,174,160,402,10.9,2.3,60,2.0,3.9,27,4,14.9,229,7,3,4099,0,2,146,81,51.1111111111,
3188,38,3034,177,160,408,10.7,2.3,57,1.8,3.8,28,4,14.6,225,7,3,4173,0,2,143,80,51.1111111111,
3216,65,5115,263,0,871,13.4,3.3,1131,18.1,0.0,50,14,17.4,446,0,0,8238,0,3,204,233,51.1111111111,
3218,65,4994,259,0,850,13.1,3.2,1108,18.2,0.0,50,14,17.0,435,0,0,8065,0,2,203,224,51.1111111111,
3220,65,5083,261,0,867,13.3,3.3,1126,18.1,0.0,50,14,17.3,440,0,0,8192,0,3,204,227,51.1111111111,
3230,69,9482,470,796,1956,28.3,4.1,1872,16.5,5.3,48,6,40.8,1708,56,11,15148,0,13,1070,618,51.1111111111,
3232,69,9574,472,796,1978,28.7,4.2,1880,16.4,5.2,48,6,41.2,1727,56,11,15259,0,13,1084,623,51.1111111111,
3234,69,9460,470,796,1952,28.3,4.1,1871,16.5,5.3,48,6,40.7,1708,56,11,15117,0,13,1070,618,51.1111111111,
1198,135,20339,893,1510,4327,32.1,4.8,2946,12.7,5.3,73,11,59.3,3198,89,20,28227,2,95,1845,1215,51.1111111111,
3259,42,4314,320,113,790,18.8,2.4,417,8.8,1.8,27,5,29.3,969,9,5,6360,2,19,489,443,51.1111111111,
3260,67,5063,417,138,957,14.3,2.3,642,11.3,1.7,51,12,18.8,820,9,5,8113,0,15,370,404,51.1111111111,
1213,104,5963,467,412,1103,10.6,2.4,62,1.0,5.8,73,17,15.1,341,25,11,7153,18,8,239,71,51.1111111111,
1220,72,6079,433,363,1246,17.3,2.8,834,12.1,3.7,54,8,23.1,804,16,9,9761,1,2,285,492,51.1111111111,
1221,72,6079,433,363,1246,17.3,2.8,834,12.1,3.7,54,8,23.1,804,16,9,9761,1,2,285,492,51.1111111111,
1243,66,7111,369,344,1548,23.5,4.0,354,4.7,3.4,48,12,32.3,765,14,8,10165,9,1,422,331,51.1111111111,
1254,66,7104,369,344,1544,23.4,4.0,354,4.7,3.4,48,12,32.2,765,14,8,10155,9,1,422,331,51.1111111111,
1261,24,2008,139,0,437,18.2,2.9,99,4.7,0.0,22,7,19.9,170,0,0,2520,14,2,101,53,51.1111111111,
1269,57,4404,331,244,818,14.4,2.5,145,3.2,4.2,36,4,22.7,584,11,8,5784,0,1,382,193,51.1111111111,
1270,57,4405,331,244,818,14.4,2.5,145,3.2,4.2,36,4,22.7,584,11,8,5785,0,1,382,193,51.1111111111,
1271,80,6044,415,183,1102,13.8,2.7,205,3.3,2.4,57,5,19.3,929,10,9,7536,0,2,638,283,51.1111111111,
1276,29,7324,452,279,2227,76.8,4.9,5078,40.9,2.0,20,1,111.4,4001,31,2,13998,0,16,2774,1141,51.1111111111,
1277,335,29684,3049,767,7773,23.2,2.5,7897,21.0,1.5,292,26,26.6,8197,54,23,50257,18,84,5247,2791,52.2222222222,
3330,122,9808,689,272,1961,16.1,2.7,346,3.4,1.9,95,11,20.6,1334,13,8,14339,0,1,624,703,51.1111111111,
1284,335,29699,3049,767,7779,23.2,2.5,7899,21.0,1.5,292,26,26.6,8201,54,23,50275,18,84,5251,2791,52.2222222222,
1285,335,29695,3049,767,7778,23.2,2.5,7897,21.0,1.5,292,26,26.6,8199,54,23,50269,18,84,5249,2791,52.2222222222,
3336,371,20024,1835,116,3984,10.7,2.2,1006,4.8,0.3,316,61,12.6,1782,8,7,33332,2,5,1287,488,51.1111111111,
3337,42,2155,214,0,391,9.3,1.8,188,8.0,0.0,30,6,13.0,249,0,0,3322,1,1,120,127,51.1111111111,
3339,42,2183,211,0,389,9.3,1.8,192,8.1,0.0,30,6,13.0,264,0,0,3353,1,1,123,137,51.1111111111,
3340,42,2183,211,0,389,9.3,1.8,192,8.1,0.0,30,6,13.0,264,0,0,3353,1,1,123,137,51.1111111111,
1297,227,32472,3811,7359,8561,37.7,2.2,4469,12.1,17.6,62,6,138.1,4171,374,11,41828,0,7,2657,1491,51.1111111111,
1298,227,32473,3811,7359,8561,37.7,2.2,4469,12.1,17.6,62,6,138.1,4172,374,11,41829,0,7,2657,1492,51.1111111111,
1333,251,18021,1244,1161,4362,17.4,3.5,736,3.9,4.3,153,25,28.5,3200,67,30,26979,70,31,2004,940,51.1111111111,
3383,50,4611,346,0,1057,21.1,3.0,380,7.6,0.0,34,5,31.1,544,0,0,6023,0,4,392,134,51.1111111111,
1338,251,18012,1243,1161,4363,17.4,3.5,736,3.9,4.3,153,25,28.5,3202,67,30,26967,70,31,2006,940,51.1111111111,
1343,254,17879,1242,1103,4313,17.0,3.4,723,3.9,4.1,154,25,28.0,3155,65,29,26790,62,22,1987,935,51.1111111111,
3392,50,4603,346,0,1055,21.1,3.0,379,7.6,0.0,34,5,31.0,544,0,0,6014,0,4,392,134,51.1111111111,
3400,236,10113,975,36,1656,7.0,1.6,460,4.4,0.2,210,38,7.9,867,2,2,17467,1,6,469,333,51.1111111111,
1360,241,14368,977,564,2579,10.7,2.5,179,1.2,3.0,169,11,15.3,610,37,33,18814,1,0,445,163,51.1111111111,
3418,51,4258,267,80,838,16.4,3.1,1306,23.5,1.1,36,5,23.3,792,6,5,7244,2,0,328,462,51.1111111111,
3420,74,5020,473,222,1103,14.9,2.3,507,9.2,3.1,52,5,21.2,831,11,7,7058,0,8,560,257,51.1111111111,
3421,73,4703,460,104,1020,14.0,2.2,470,9.1,1.6,52,5,19.6,776,6,4,6638,0,5,510,257,51.1111111111,
3422,74,4996,470,213,1089,14.7,2.3,506,9.2,3.0,52,5,20.9,825,11,7,7031,0,8,552,259,51.1111111111,
3431,187,16510,1531,617,3382,18.1,2.2,810,4.7,2.6,149,12,22.7,831,44,20,23397,0,1,555,246,51.1111111111,
3986,21,1993,140,45,410,19.5,2.8,790,28.4,1.0,21,3,19.5,100,2,1,4398,0,11,68,14,51.1111111111,
3457,358,34192,2616,1814,7632,21.3,2.9,5147,13.1,3.5,195,21,39.1,4706,76,23,52409,14,43,3224,1288,51.1111111111,
3462,320,28364,2311,3357,6378,19.9,2.7,3919,12.1,7.9,183,20,34.9,3037,119,26,42524,10,35,1857,1014,51.1111111111,
3463,322,28238,2295,2222,6376,19.8,2.7,3957,12.3,5.2,183,21,34.8,3183,93,22,42606,10,36,1994,1029,51.1111111111,
4071,137,11415,1040,273,2746,20.0,2.6,1227,9.7,1.8,64,5,42.9,1192,20,8,15219,4,5,784,385,51.1111111111,
1445,115,9250,630,495,1714,14.9,2.7,2429,20.8,2.9,85,14,20.2,1050,37,15,17315,3,9,673,339,51.1111111111,
3494,271,32692,1740,1803,7510,27.7,4.3,7921,19.5,3.5,220,28,34.1,11608,122,37,51200,0,21,6612,4935,53.3333333333,
1447,121,9618,655,595,1764,14.6,2.7,2458,20.4,3.3,90,15,19.6,1100,41,17,17896,3,13,700,358,51.1111111111,
1453,89,4918,338,61,1097,12.3,3.2,404,7.6,0.9,55,4,19.9,874,4,3,6879,0,0,592,280,51.1111111111,
3511,207,20826,1496,411,4543,21.9,3.0,936,4.3,1.4,162,14,28.0,1459,30,20,28604,34,5,766,646,51.1111111111,
3513,204,20158,1452,381,4386,21.5,3.0,929,4.4,1.4,159,14,27.6,1402,28,19,27780,34,5,731,624,51.1111111111,
3518,107,7007,467,1235,942,8.8,2.0,362,4.9,13.3,79,15,11.9,908,76,21,9281,0,34,631,238,51.1111111111,
3519,105,6779,453,1204,904,8.6,2.0,344,4.8,13.4,78,15,11.6,872,54,20,8985,0,32,624,211,51.1111111111,
3521,105,6758,453,1204,901,8.6,2.0,344,4.8,13.4,78,15,11.6,871,54,20,8959,0,32,624,210,51.1111111111,
1476,90,4941,339,61,1107,12.3,3.3,404,7.6,0.9,56,4,19.8,879,4,3,6907,0,0,594,283,51.1111111111,
1498,47,3241,222,0,618,13.1,2.7,383,10.6,0.0,26,3,23.8,314,0,0,4429,0,2,209,102,51.1111111111,
1499,50,4162,265,0,771,15.4,2.8,441,9.6,0.0,27,3,28.6,331,0,0,5503,0,3,221,106,51.1111111111,
1503,52,3762,263,0,720,13.8,2.6,439,10.4,0.0,28,3,25.7,346,0,0,5107,0,3,233,108,51.1111111111,
1505,148,8287,612,165,1495,10.1,2.3,1136,12.1,1.1,115,14,13.0,944,10,7,14446,1,51,499,375,51.1111111111,
1506,147,8273,609,165,1491,10.1,2.3,1133,12.0,1.1,115,14,13.0,949,10,7,14427,1,51,501,378,51.1111111111,
1507,143,7799,584,165,1397,9.8,2.2,1089,12.3,1.2,113,14,12.4,880,10,7,13727,1,49,479,335,51.1111111111,
1509,46,4075,238,86,645,14.0,2.7,1666,29.0,1.5,30,7,21.5,1456,4,4,5620,1,3,334,1106,51.1111111111,
1511,45,4037,236,86,637,14.2,2.7,1656,29.1,1.5,30,7,21.2,1431,4,4,5569,1,3,331,1085,51.1111111111,
3560,31,3052,137,93,569,18.4,3.6,133,4.2,2.3,19,9,29.9,511,26,2,4043,0,2,302,202,51.1111111111,
3563,31,3063,137,93,573,18.5,3.6,133,4.2,2.3,19,9,30.2,518,26,2,4057,0,2,307,204,51.1111111111,
1517,212,21301,1596,3831,4657,22.0,2.9,5646,21.0,10.1,146,22,31.9,1208,224,42,37938,3,3,659,535,51.1111111111,
3571,216,12598,1136,1233,2132,9.9,1.9,546,4.2,8.0,162,12,13.2,1413,67,48,15430,0,1,700,704,51.1111111111,
3572,216,12556,1136,1225,2127,9.8,1.9,546,4.2,8.0,162,12,13.1,1408,67,48,15379,0,1,702,697,51.1111111111,
1525,278,30608,2728,5277,7139,25.7,2.5,6735,18.0,10.9,152,24,47.0,3225,174,60,48494,0,21,2008,1111,51.1111111111,
1547,100,6027,491,135,1105,11.1,2.1,328,5.2,1.7,60,18,18.4,339,9,6,7931,0,2,137,199,51.1111111111,
1548,104,6273,512,135,1166,11.2,2.2,362,5.5,1.6,63,18,18.5,350,9,6,8277,0,2,144,203,51.1111111111,
1566,53,7459,327,1731,1270,24.0,3.9,383,4.9,18.5,38,2,33.4,1174,101,12,9363,0,12,699,453,51.1111111111,
1567,53,7459,327,1731,1270,24.0,3.9,383,4.9,18.5,38,2,33.4,1174,101,12,9363,0,12,699,453,51.1111111111,
1568,53,7571,329,1731,1297,24.5,3.9,383,4.8,18.2,38,2,34.1,1199,101,12,9518,0,12,718,462,51.1111111111,
3625,276,31580,2253,679,8789,31.8,3.9,3743,10.6,1.7,121,9,72.6,7191,42,16,39363,1,10,4400,2749,51.1111111111,
3633,276,31724,2256,698,8816,31.9,3.9,3765,10.6,1.8,121,9,72.9,7300,44,16,39535,1,10,4432,2826,51.1111111111,
3646,272,31124,2205,679,8645,31.8,3.9,3699,10.6,1.8,117,9,73.9,7075,42,16,38795,1,10,4345,2690,51.1111111111,
1614,18,846,86,0,156,8.7,1.8,3,0.4,0.0,19,6,8.2,44,0,0,1146,0,5,20,18,51.1111111111,
1615,19,901,88,0,162,8.5,1.8,8,0.9,0.0,20,10,8.1,61,0,0,1232,0,6,25,28,51.1111111111,
3672,101,6124,502,127,1172,11.6,2.3,945,13.4,1.4,59,5,19.9,900,9,5,8976,3,23,667,179,51.1111111111,
4367,35,2828,197,252,471,13.5,2.1,163,5.4,6.3,28,6,16.8,211,10,3,4011,0,17,116,70,51.1111111111,
1633,69,5799,276,149,727,10.5,2.6,361,5.9,1.8,43,13,16.9,1338,9,3,8271,0,0,1164,165,51.1111111111,
4027,46,5795,334,341,1748,38.0,5.5,2303,28.4,3.6,27,2,64.7,985,30,7,9560,1,23,698,241,51.1111111111,
3685,134,14006,957,637,3342,24.9,3.4,2419,14.7,2.9,82,19,40.8,2578,24,11,21609,1,42,1621,894,51.1111111111,
3688,134,13962,954,637,3330,24.9,3.4,2417,14.8,3.0,82,19,40.6,2576,24,11,21561,1,42,1620,893,51.1111111111,
3693,134,13962,955,640,3336,24.9,3.4,2441,14.9,3.0,82,19,40.7,2572,24,11,21592,1,42,1618,891,51.1111111111,
3698,1072,78223,6349,4049,19052,17.8,3.0,20795,21.0,2.9,857,80,22.2,13432,236,80,138555,27,73,8979,4320,51.1111111111,
3699,1072,78223,6349,4049,19052,17.8,3.0,20795,21.0,2.9,857,80,22.2,13432,236,80,138555,27,73,8979,4320,51.1111111111,
1657,36,3541,279,86,674,18.7,2.2,103,2.8,1.8,23,2,29.3,298,4,2,4798,1,0,149,145,51.1111111111,
1668,94,10184,584,343,2040,21.7,3.5,2467,19.5,2.1,59,6,34.6,2979,16,7,16568,0,3,2579,378,51.1111111111,
1669,87,8982,555,196,1873,21.5,3.4,2120,19.1,1.3,57,6,32.9,2460,8,4,14678,0,4,2165,272,51.1111111111,
1671,39,4889,281,76,945,24.2,3.2,505,9.4,1.1,32,6,29.5,725,2,1,6839,0,8,515,196,51.1111111111,
3726,74,5646,418,30,1450,19.6,3.4,704,11.1,0.4,40,2,36.3,824,2,1,8072,0,1,560,262,52.6315789474,
1686,111,12944,614,2122,2622,23.6,4.2,1187,8.4,12.3,67,19,39.1,2027,136,20,17208,1,9,1636,362,51.1111111111,
1688,111,12920,614,2122,2619,23.6,4.2,1185,8.4,12.4,67,19,39.1,2022,136,20,17181,1,9,1631,362,51.1111111111,
1689,110,12887,612,2122,2608,23.7,4.2,1185,8.4,12.4,67,19,38.9,2021,136,20,17135,1,9,1628,364,51.1111111111,
1699,827,88530,7159,8571,24094,29.1,3.3,20807,19.0,6.3,602,33,40.0,23549,463,148,136072,43,113,15840,7399,51.1111111111,
1703,826,87446,7113,8463,23636,28.6,3.3,20862,19.3,6.3,602,33,39.3,25871,453,145,134364,43,113,18090,7473,51.1111111111,
1704,826,88194,7143,8559,23988,29.0,3.3,20799,19.1,6.3,602,33,39.8,23456,461,146,135700,43,113,15757,7388,51.1111111111,
3756,53,4798,286,312,855,16.1,2.9,912,16.0,4.1,36,6,23.8,527,13,6,7633,0,3,363,148,51.1111111111,
3759,51,4268,263,62,757,14.8,2.8,828,16.2,0.9,35,6,21.6,466,2,2,6872,0,3,307,145,51.1111111111,
3760,53,5065,293,312,918,17.3,3.1,957,15.9,3.9,36,6,25.5,563,13,6,8001,0,4,383,165,51.1111111111,
1713,161,12984,999,102,2745,17.0,2.7,1436,10.0,0.6,94,11,29.2,1211,4,4,18042,1,36,689,457,51.1111111111,
1723,119,8779,699,0,1910,16.1,2.7,843,8.8,0.0,68,7,28.1,795,0,0,11991,1,3,471,308,51.1111111111,
1725,161,12650,975,102,2708,16.8,2.8,1415,10.1,0.6,95,11,28.5,1244,4,4,17648,1,36,701,478,51.1111111111,
1731,165,12865,1005,102,2750,16.7,2.7,1424,10.0,0.6,96,11,28.6,1251,4,4,17899,1,36,705,481,51.1111111111,
1737,153,11866,877,102,2503,16.4,2.8,1287,9.8,0.6,89,11,28.1,1180,4,4,16469,1,14,674,466,51.1111111111,
1738,137,10983,805,56,2340,17.1,2.9,983,8.2,0.4,81,9,28.9,1089,2,2,14769,1,14,642,414,51.1111111111,
3799,101,9206,706,407,1927,19.1,2.6,1631,15.1,2.8,54,9,35.7,1091,22,7,14406,0,83,686,272,51.1111111111,
1754,30,4147,149,102,869,29.0,5.8,110,2.6,1.7,26,5,33.4,567,4,3,6073,3,0,313,251,51.1111111111,
1755,31,3981,142,78,820,26.5,5.7,100,2.5,1.3,27,5,30.4,550,2,1,5882,3,0,300,247,51.1111111111,
1759,30,4106,149,102,847,28.2,5.7,104,2.5,1.7,26,5,32.6,559,4,3,6015,3,0,310,246,51.1111111111,
1774,172,18403,777,1256,3544,20.6,4.5,1064,5.5,5.7,109,14,32.5,2270,81,11,21993,0,9,1722,518,51.1111111111,
1776,172,18395,777,1256,3542,20.6,4.5,1064,5.5,5.7,109,14,32.5,2265,81,11,21984,0,9,1717,518,51.1111111111,
1777,179,19175,820,1310,3687,20.6,4.4,1075,5.3,5.7,112,14,32.9,2302,83,12,22873,0,9,1740,531,51.1111111111,
1781,49,3044,211,779,556,11.3,2.6,468,13.3,15.3,37,14,15.0,551,58,15,5098,0,15,391,144,51.1111111111,
1782,40,1786,135,163,315,7.9,2.3,278,13.5,5.2,28,8,11.3,312,9,6,3121,0,5,212,94,51.1111111111,
3836,262,34406,1785,1938,8009,30.6,4.5,8005,18.9,3.6,223,30,35.9,11907,129,39,53171,0,23,6874,4970,53.3333333333,
3837,271,34466,1812,2235,7877,29.1,4.3,7628,18.1,4.2,230,29,34.2,12594,134,40,52905,0,24,6928,5609,53.3333333333,
3333,351,18935,1725,116,3807,10.8,2.2,958,4.8,0.4,298,60,12.8,1698,8,7,31740,2,3,1243,450,51.1111111111,
3845,30,3293,138,69,612,20.4,3.9,116,3.4,1.7,24,7,25.5,394,6,5,4108,0,2,248,144,51.1111111111,
3846,39,3497,166,60,648,16.6,3.5,122,3.4,1.4,32,8,20.3,353,4,3,4358,0,2,232,119,51.1111111111,
1804,35,2975,167,0,574,16.4,3.3,422,12.4,0.0,27,3,21.3,504,0,0,3951,0,2,364,128,51.1111111111,
1805,35,2974,167,0,575,16.4,3.3,422,12.4,0.0,27,3,21.3,504,0,0,3950,0,2,364,128,51.1111111111,
3861,374,42900,4306,6296,10933,29.2,2.5,6046,12.4,10.8,175,16,62.5,5815,295,18,58481,1,9,3667,2081,53.0,
3862,374,42913,4309,6335,10931,29.2,2.5,6048,12.4,10.8,175,16,62.5,5815,297,20,58496,1,9,3667,2081,53.0,
3864,348,41119,4085,6323,10443,30.0,2.5,6192,13.1,11.1,162,16,64.5,5704,297,20,56774,1,9,3601,2028,52.6315789474,
1829,603,50318,3933,2933,10524,17.5,2.7,6506,11.4,4.2,466,92,22.6,4716,134,51,70102,89,55,2480,2072,51.1111111111,
1830,603,50318,3933,2933,10524,17.5,2.7,6506,11.4,4.2,466,92,22.6,4716,134,51,70102,89,55,2480,2072,51.1111111111,
1831,603,50318,3933,2933,10524,17.5,2.7,6506,11.4,4.2,466,92,22.6,4716,134,51,70102,89,55,2480,2072,51.1111111111,
1839,197,10549,924,641,2109,10.7,2.3,1047,9.0,4.3,176,38,12.0,1252,17,8,14925,0,27,818,391,51.1111111111,
1840,197,10457,919,641,2091,10.6,2.3,1043,9.1,4.3,176,38,11.9,1236,17,8,14817,0,25,810,385,51.1111111111,
1841,197,10549,924,641,2109,10.7,2.3,1047,9.0,4.3,176,38,12.0,1251,17,8,14925,0,27,818,390,51.1111111111,
3916,74,4041,426,138,808,10.9,1.9,326,7.5,2.4,66,13,12.2,481,8,7,5664,2,0,363,102,51.1111111111,
3917,72,3922,421,164,796,11.1,1.9,254,6.1,3.0,64,12,12.4,465,10,9,5430,2,0,347,102,51.1111111111,
3918,68,3391,375,0,688,10.1,1.8,201,5.6,0.0,60,12,11.5,395,0,0,4710,2,0,288,94,51.1111111111,
2701,64,4080,228,64,546,8.5,2.4,316,7.2,1.0,46,4,11.9,206,4,4,6170,0,7,98,99,51.1111111111,
3946,74,6143,368,461,1082,14.6,2.9,920,13.0,4.7,64,12,16.9,1093,40,15,9885,0,10,747,327,51.1111111111,
3947,74,6261,370,461,1097,14.8,3.0,939,13.0,4.6,64,12,17.1,1108,40,15,10035,0,10,761,328,51.1111111111,
3959,29,1945,139,56,379,13.1,2.7,381,16.4,1.6,22,5,17.2,192,2,1,3606,0,1,97,94,51.1111111111,
3960,29,1945,139,56,379,13.1,2.7,381,16.4,1.6,22,5,17.2,192,2,1,3606,0,1,97,94,51.1111111111,
1936,53,3692,276,214,791,14.9,2.8,392,9.6,4.2,40,8,19.8,388,14,7,5062,0,23,234,131,51.1111111111,
3736,33,4111,193,72,800,24.2,4.1,375,8.4,1.3,19,3,42.1,782,4,2,5755,0,6,554,197,51.1111111111,
1938,53,3701,276,214,792,14.9,2.8,392,9.6,4.2,40,8,19.8,384,14,7,5076,0,23,234,127,51.1111111111,
3987,32,11509,330,460,2378,74.3,7.2,2559,18.2,2.8,30,3,79.3,2897,28,6,16306,0,1,1630,1266,51.1111111111,
3993,31,11301,328,460,2343,75.6,7.1,2524,18.3,2.9,29,3,80.8,2842,28,6,16017,0,1,1594,1247,51.1111111111,
3997,31,11301,328,460,2343,75.6,7.1,2524,18.3,2.9,29,3,80.8,2842,28,6,16017,0,1,1594,1247,51.1111111111,
1952,140,10217,872,730,2007,14.3,2.3,691,6.3,5.2,76,7,26.4,1403,48,18,14098,0,41,815,541,53.3333333333,
1974,166,17664,1096,767,3617,21.8,3.3,2924,14.2,2.7,109,22,33.2,1403,52,13,28316,4,14,900,399,51.1111111111,
4024,20,2465,114,203,374,18.7,3.2,383,13.4,5.3,21,6,17.8,926,17,8,3823,0,7,403,511,51.1111111111,
4026,49,6202,351,522,1827,37.3,5.4,2347,27.5,5.2,29,2,63.0,1074,47,9,10040,1,25,771,255,51.1111111111,
1979,26,2398,184,625,545,21.0,3.0,224,8.5,20.7,20,1,27.3,613,39,8,3016,0,0,336,276,53.3333333333,
4028,46,5686,331,340,1726,37.5,5.4,2288,28.7,3.6,27,2,63.9,956,30,7,9424,1,22,671,240,51.1111111111,
4029,180,30163,1397,522,6473,36.0,4.6,5072,14.4,1.2,94,8,68.9,2271,28,12,42396,0,3,1229,938,51.1111111111,
4033,45,2876,205,28,627,13.9,3.0,208,6.7,0.7,34,8,18.4,403,2,1,3838,0,1,218,184,51.1111111111,
4034,45,2900,205,28,631,14.0,3.0,208,6.7,0.7,34,8,18.6,399,2,1,3864,0,1,213,185,51.1111111111,
4035,40,2286,169,27,431,10.8,2.5,183,7.4,0.9,29,8,14.9,262,2,1,3074,0,1,139,120,51.1111111111,
1992,23,1903,122,24,451,19.6,3.7,48,2.5,1.0,19,6,23.7,279,2,1,2518,0,1,222,56,51.1111111111,
1994,23,1910,122,24,455,19.8,3.7,47,2.4,0.9,19,6,23.9,279,2,1,2527,0,1,222,56,51.1111111111,
1995,22,1916,122,24,461,21.0,3.8,47,2.4,0.9,19,6,24.3,276,2,1,2534,0,1,220,55,51.1111111111,
4055,294,38604,2190,8414,7711,26.2,3.4,4261,9.9,16.9,193,22,40.0,4476,618,70,49699,4,23,2734,1660,51.1111111111,
4058,317,42453,2362,10026,8535,26.9,3.5,4251,9.1,18.6,207,23,41.2,4857,724,79,53975,5,31,2991,1777,51.1111111111,
4059,322,42910,2388,11083,8614,26.8,3.5,4355,9.2,20.3,210,24,41.0,5044,731,83,54639,5,31,3054,1901,51.1111111111,
2017,25,1488,151,246,353,14.1,2.1,43,2.8,12.2,22,9,16.0,133,6,4,2022,0,11,91,24,51.1111111111,
2023,66,4278,338,691,768,11.6,2.3,2689,38.6,6.2,60,12,12.8,666,29,13,11061,3,5,542,116,51.1111111111,
4072,147,12266,1091,468,2921,19.9,2.6,1301,9.6,2.9,69,5,42.3,1336,32,15,16358,4,6,836,434,51.1111111111,
4073,147,12266,1091,468,2921,19.9,2.6,1301,9.6,2.9,69,5,42.3,1336,32,15,16358,4,6,836,434,51.1111111111,


