2134,290,20741,1268,1144,3353,11.6,2.5,1283,5.8,3.8,193,22,17.4,1896,66,32,30057,5,19,1118,752,1,
257,165,17782,903,1594,3209,19.4,3.5,4087,18.7,5.5,149,36,21.5,2675,68,24,29089,0,88,1575,1004,0,
1016,160,14618,922,275,2824,17.7,3.1,996,6.4,1.4,109,14,25.9,999,12,9,19784,0,8,559,397,1,
1547,100,6027,491,135,1105,11.1,2.1,328,5.2,1.7,60,18,18.4,339,9,6,7931,0,2,137,199,1,
1548,104,6273,512,135,1166,11.2,2.2,362,5.5,1.6,63,18,18.5,350,9,6,8277,0,2,144,203,1,
258,143,16373,797,1167,2943,20.6,3.7,3931,19.4,4.3,128,32,23.0,2488,52,14,26929,0,81,1460,940,0,
1453,89,4918,338,61,1097,12.3,3.2,404,7.6,0.9,55,4,19.9,874,4,3,6879,0,0,592,280,1,
3672,101,6124,502,127,1172,11.6,2.3,945,13.4,1.4,59,5,19.9,900,9,5,8976,3,23,667,179,1,
1198,135,20339,893,1510,4327,32.1,4.8,2946,12.7,5.3,73,11,59.3,3198,89,20,28227,2,95,1845,1215,1,
28,63,4708,456,210,991,15.7,2.1,2827,37.5,1.9,61,10,16.2,789,8,3,10880,0,2,553,229,1,
29,61,4519,441,210,955,15.7,2.1,2799,38.2,2.0,60,10,15.9,784,8,3,10595,0,2,545,232,1,
1285,335,29695,3049,767,7778,23.2,2.5,7897,21.0,1.5,292,26,26.6,8199,54,23,50269,18,84,5249,2791,1,
32,63,4680,456,210,989,15.7,2.1,2823,37.6,1.9,61,10,16.2,789,8,3,10839,0,2,553,229,1,
4187,324,29281,2699,1958,6494,20.0,2.4,7689,20.8,4.1,234,26,27.8,2483,65,33,48251,0,28,1693,657,1,
1062,206,18880,1356,174,4760,23.1,3.5,3170,14.4,0.6,150,24,31.7,2767,10,6,28576,3,24,2042,671,0,
1713,161,12984,999,102,2745,17.0,2.7,1436,10.0,0.6,94,11,29.2,1211,4,4,18042,1,36,689,457,1,
1064,206,18760,1338,174,4691,22.8,3.5,3150,14.4,0.6,149,24,31.5,2726,10,6,28410,2,25,2012,660,0,
553,81,5532,424,312,1077,13.3,2.5,864,13.5,3.5,60,6,18.0,683,18,10,9007,0,0,286,385,1,
554,78,5455,419,312,1065,13.7,2.5,842,13.4,3.5,57,6,18.7,674,18,10,8854,0,0,280,382,1,
555,81,5532,424,312,1077,13.3,2.5,864,13.5,3.5,60,6,18.0,683,18,10,9007,0,0,286,385,1,
4141,85,6265,464,274,1246,14.7,2.7,313,4.8,3.5,57,11,21.9,735,17,4,7836,0,9,397,313,1,
4144,70,3357,363,0,637,9.1,1.7,370,9.9,0.0,65,18,9.8,192,0,0,5108,0,0,74,117,0,
3633,276,31724,2256,698,8816,31.9,3.9,3765,10.6,1.8,121,9,72.9,7300,44,16,39535,1,10,4432,2826,1,
2610,103,6933,570,0,1443,14.0,2.3,491,6.6,0.0,75,7,19.2,748,0,0,10603,0,9,611,128,1,
2611,108,7091,596,42,1477,13.7,2.2,475,6.3,0.4,78,7,18.9,754,2,2,10830,0,10,613,131,1,
1588,299,30153,2013,1955,8560,28.6,4.2,4528,13.1,4.3,236,25,36.3,8589,80,32,45095,6,9,6384,2102,1,
1592,292,29096,1949,1401,8267,28.3,4.2,4469,13.3,3.2,230,25,35.9,8337,66,27,43701,5,10,6173,2059,1,
3646,272,31124,2205,679,8645,31.8,3.9,3699,10.6,1.8,117,9,73.9,7075,42,16,38795,1,10,4345,2690,1,
2623,108,7092,596,42,1481,13.7,2.2,475,6.3,0.4,78,7,19.0,752,2,2,10833,0,10,611,131,1,
578,2721,280508,22629,15483,58788,21.6,2.6,34531,11.0,3.3,2237,335,26.3,73332,518,193,475062,1720,211,55503,15614,1,
579,2388,255738,20376,13552,51925,21.7,2.5,29718,10.4,3.1,1948,303,26.7,68329,454,165,436184,1630,194,52644,13624,1,
580,2522,269639,21788,15392,56747,22.5,2.6,31776,10.5,3.4,2066,321,27.5,72103,505,187,455666,1715,212,54964,14930,1,
4145,71,3389,368,0,646,9.1,1.8,372,9.9,0.0,66,18,9.8,190,0,0,5164,0,0,74,115,0,
865,739,51802,5174,2928,11854,16.0,2.3,7650,12.9,3.9,407,31,29.1,3493,130,54,74923,0,27,2138,1208,1,
1608,292,29095,1949,1401,8267,28.3,4.2,4468,13.3,3.2,230,25,35.9,8337,66,27,43699,5,10,6173,2059,1,
586,151,23296,924,3670,4886,32.4,4.9,3615,13.4,11.8,120,9,40.7,5139,250,49,31152,0,43,4102,988,1,
587,151,23239,921,3677,4863,32.2,4.9,3604,13.4,11.8,120,9,40.5,5120,251,49,31072,0,43,4085,986,1,
1613,82,6481,500,152,1301,15.9,2.6,607,8.6,1.6,72,21,18.1,1665,8,7,9391,1,25,339,1297,0,
2640,302,43533,2627,2083,10073,33.4,3.6,8900,17.0,3.1,217,42,46.4,5934,107,37,67543,2,10,3351,2435,1,
3154,775,61493,3263,6697,15413,19.9,4.7,994,1.6,9.4,136,11,113.3,9833,613,50,71496,15,32,5693,4091,1,
3155,794,66638,3477,6371,16769,21.1,4.8,974,1.4,8.2,149,11,112.5,10488,536,52,77270,31,33,5953,4470,1,
2646,301,43041,2616,1996,10040,33.4,3.6,9111,17.5,3.0,216,42,46.5,6218,99,36,67212,2,10,3643,2435,1,
87,106,7366,488,285,1423,13.4,2.9,271,3.5,2.5,85,18,16.7,750,18,8,11338,0,8,539,197,1,
1624,77,7271,364,1115,1610,20.9,4.4,265,3.5,11.2,60,3,26.8,2699,751,10,9916,0,4,2129,564,0,
3161,126,14170,934,768,3357,26.6,3.6,1157,7.5,4.1,79,6,42.5,1296,46,14,18871,3,27,858,407,1,
91,106,7399,493,301,1439,13.6,2.9,288,3.7,2.6,85,18,16.9,749,19,8,11400,0,7,538,198,1,
93,106,7385,491,301,1427,13.5,2.9,277,3.6,2.6,85,18,16.8,747,19,8,11374,0,8,536,197,1,
3685,134,14006,957,637,3342,24.9,3.4,2419,14.7,2.9,82,19,40.8,2578,24,11,21609,1,42,1621,894,1,
3688,134,13962,954,637,3330,24.9,3.4,2417,14.8,3.0,82,19,40.6,2576,24,11,21561,1,42,1620,893,1,
1129,487,55494,3480,1678,14101,29.0,4.0,7268,11.6,2.2,211,26,66.8,4881,90,30,77416,9,11,2862,1872,1,
1130,480,53925,3380,1451,13824,28.8,4.0,6970,11.4,1.9,205,26,67.4,4839,83,28,75112,9,11,2825,1879,1,
2667,300,20057,1587,464,4087,13.6,2.6,2600,11.5,1.3,279,32,14.6,1828,16,14,35058,0,3,1317,508,1,
2668,297,19627,1561,430,3986,13.4,2.5,2561,11.5,1.3,276,32,14.4,1786,14,12,34395,0,3,1291,492,1,
3693,134,13962,955,640,3336,24.9,3.4,2441,14.9,3.0,82,19,40.7,2572,24,11,21592,1,42,1618,891,1,
2158,132,9883,655,209,2039,15.4,3.0,1161,10.5,1.4,78,11,26.1,718,10,5,14712,1,3,259,437,1,
1213,104,5963,467,412,1103,10.6,2.4,62,1.0,5.8,73,17,15.1,341,25,11,7153,18,8,239,71,1,
2672,300,20053,1587,464,4085,13.6,2.6,2600,11.5,1.3,279,32,14.6,1826,16,14,35051,0,3,1315,508,1,
1137,121,5729,505,307,1093,9.0,2.2,380,6.2,3.5,100,16,10.9,1136,17,8,8711,0,0,913,216,1,
626,307,27829,2700,1854,6908,22.5,2.5,6534,19.0,4.1,174,25,39.7,3042,64,24,45018,0,17,2121,794,1,
627,307,27936,2705,1854,6939,22.6,2.5,6535,19.0,4.1,174,25,39.9,3052,64,24,45131,0,17,2126,799,1,
628,307,27640,2690,1801,6849,22.3,2.5,6527,19.1,4.0,174,25,39.4,3026,60,22,44786,0,17,2107,792,1,
2167,94,8965,537,2067,1198,12.7,2.2,1108,11.0,15.4,78,12,15.4,12862,93,34,13421,2,2,1040,11815,1,
1145,90,8104,483,109,1588,17.6,3.3,439,5.1,1.0,57,8,27.9,1117,5,3,10528,0,5,778,331,0,
2135,546,47210,4400,2902,12855,23.5,2.9,30836,39.5,2.7,404,45,31.8,4581,154,55,106311,6,32,2431,2055,1,
3861,374,42900,4306,6296,10933,29.2,2.5,6046,12.4,10.8,175,16,62.5,5815,295,18,58481,1,9,3667,2081,1,
1665,68,7893,356,2481,1361,20.0,3.8,715,8.3,20.2,67,5,20.3,2003,123,33,12289,2,42,1439,506,0,
1666,76,8602,378,2366,1391,18.3,3.7,792,8.4,17.8,75,10,18.5,2236,81,32,13318,2,42,1516,653,0,
1131,272,20512,1438,980,5176,19.0,3.5,4620,18.4,2.8,238,37,21.7,3196,49,29,34709,1,13,1645,1514,1,
1668,94,10184,584,343,2040,21.7,3.5,2467,19.5,2.1,59,6,34.6,2979,16,7,16568,0,3,2579,378,1,
1157,90,8116,483,109,1593,17.7,3.3,440,5.1,1.0,57,8,27.9,1120,5,3,10545,0,5,781,331,0,
1132,273,20741,1445,950,5233,19.2,3.5,4655,18.3,2.7,239,37,21.9,3235,47,29,35025,1,13,1674,1524,1,
139,186,12518,491,1852,1768,9.5,3.6,3338,21.1,8.3,181,51,9.8,842,144,34,22328,7,8,494,321,1,
140,192,12918,522,1912,1850,9.6,3.5,3408,20.9,8.3,187,52,9.9,883,149,34,22985,7,8,523,333,1,
2193,155,14394,798,838,2986,19.3,3.6,1169,7.5,4.2,104,16,28.7,2751,72,19,20035,0,68,2221,459,1,
1170,90,8115,483,109,1593,17.7,3.3,440,5.1,1.0,57,8,27.9,1120,5,3,10544,0,5,781,331,0,
2707,147,12112,919,34,2627,17.9,2.8,1289,9.6,0.2,123,19,21.4,1290,5,3,16245,3,6,789,447,0,
2708,144,11755,893,34,2557,17.8,2.8,1269,9.7,0.2,121,19,21.1,1277,5,3,15804,3,6,788,435,0,
1686,111,12944,614,2122,2622,23.6,4.2,1187,8.4,12.3,67,19,39.1,2027,136,20,17208,1,9,1636,362,1,
1688,111,12920,614,2122,2619,23.6,4.2,1185,8.4,12.4,67,19,39.1,2022,136,20,17181,1,9,1631,362,1,
4249,129,10907,745,138,2590,20.1,3.4,935,7.9,1.0,82,7,31.6,1618,12,7,14338,0,19,1223,375,1,
3159,792,64072,3408,6289,15961,20.2,4.7,1010,1.6,8.4,147,11,108.6,10073,526,50,74528,29,32,5825,4186,1,
670,208,15745,1300,507,3418,16.4,2.6,1833,10.4,2.3,82,6,41.7,2238,27,16,22275,3,7,1800,415,1,
4255,129,10911,745,138,2595,20.1,3.4,935,7.9,1.0,82,7,31.6,1620,12,7,14344,0,19,1225,375,1,
673,95,8040,786,530,2798,29.5,3.5,439,5.2,5.5,74,6,37.8,3191,38,11,9562,0,1,2889,299,1,
4259,128,11152,764,216,2555,20.0,3.3,961,7.9,1.5,82,7,31.2,1545,16,10,14750,0,19,1149,374,1,
2324,132,14885,769,2022,2966,22.5,3.8,963,6.1,10.7,64,6,46.3,2264,176,29,18904,0,19,1671,574,1,
1703,826,87446,7113,8463,23636,28.6,3.3,20862,19.3,6.3,602,33,39.3,25871,453,145,134364,43,113,18090,7473,1,
1704,826,88194,7143,8559,23988,29.0,3.3,20799,19.1,6.3,602,33,39.8,23456,461,146,135700,43,113,15757,7388,1,
3698,1072,78223,6349,4049,19052,17.8,3.0,20795,21.0,2.9,857,80,22.2,13432,236,80,138555,27,73,8979,4320,1,
2734,133,13517,966,388,2874,21.6,3.0,602,4.3,2.0,96,16,29.9,814,12,9,19530,1,9,457,344,1,
2736,115,10590,744,254,2089,18.2,2.8,324,3.0,1.6,86,16,24.3,618,8,8,15418,1,8,341,263,1,
2737,134,13707,984,450,2912,21.7,2.9,604,4.2,2.3,96,16,30.3,825,17,10,19743,1,10,465,346,1,
3699,1072,78223,6349,4049,19052,17.8,3.0,20795,21.0,2.9,857,80,22.2,13432,236,80,138555,27,73,8979,4320,1,
1737,153,11866,877,102,2503,16.4,2.8,1287,9.8,0.6,89,11,28.1,1180,4,4,16469,1,14,674,466,1,
1723,119,8779,699,0,1910,16.1,2.7,843,8.8,0.0,68,7,28.1,795,0,0,11991,1,3,471,308,1,
1725,161,12650,975,102,2708,16.8,2.8,1415,10.1,0.6,95,11,28.5,1244,4,4,17648,1,36,701,478,1,
1731,165,12865,1005,102,2750,16.7,2.7,1424,10.0,0.6,96,11,28.6,1251,4,4,17899,1,36,705,481,1,
4292,204,14147,1237,0,3057,15.0,2.5,898,6.0,0.0,124,23,24.7,810,0,0,22619,1,1,470,333,1,
4294,201,13984,1224,0,3020,15.0,2.5,885,6.0,0.0,123,23,24.6,804,0,0,22341,1,1,457,338,1,
4295,201,13965,1223,0,3008,15.0,2.5,885,6.0,0.0,123,23,24.5,801,0,0,22316,1,1,454,338,1,
2879,320,29325,2524,322,7199,22.5,2.8,4195,12.5,0.8,150,10,48.0,2646,22,13,42222,12,6,1343,1225,1,
3273,88,8714,597,247,1780,20.2,2.8,1024,10.5,2.1,74,7,24.1,1184,19,7,11776,28,18,690,435,0,
1738,137,10983,805,56,2340,17.1,2.9,983,8.2,0.4,81,9,28.9,1089,2,2,14769,1,14,642,414,1,
887,113,7235,581,749,2129,18.8,3.6,2244,23.7,5.7,100,12,21.3,1468,43,15,13232,0,1,852,615,0,
1524,82,11593,571,1198,2320,28.3,4.0,1409,10.8,7.6,64,11,36.3,4499,631,11,15680,0,17,1951,2497,0,
314,312,31028,1738,1670,5613,18.0,3.2,3754,10.8,3.6,204,22,27.5,2865,76,36,45984,2,8,1588,1215,1,
3808,276,33183,1756,2082,7505,27.2,4.3,7663,18.8,4.0,231,28,32.5,12417,125,37,51554,0,25,6751,5608,0,
742,317,45129,4952,10403,11444,36.1,2.3,15637,25.7,14.0,79,10,144.9,7160,373,27,74511,2,13,4480,2598,1,
3816,277,30067,2702,2387,7118,25.7,2.6,7047,19.0,4.9,155,31,45.9,3322,70,29,48290,0,13,2238,982,0,
747,314,45018,4936,10379,11411,36.3,2.3,15627,25.8,14.0,76,10,150.1,7135,371,25,74331,2,13,4464,2589,1,
1772,117,8209,555,1430,1295,11.1,2.2,892,9.8,12.3,103,19,12.6,967,92,24,11612,0,10,713,241,0,
1773,473,37554,3654,902,9748,20.6,2.6,10644,22.1,1.5,229,23,42.6,4169,32,19,60881,1,16,2935,1023,0,
750,317,45129,4952,10403,11444,36.1,2.3,15637,25.7,14.0,79,10,144.9,7160,373,27,74511,2,13,4479,2599,1,
2799,123,11754,656,860,2752,22.4,4.1,715,5.7,5.5,56,5,49.1,1695,42,8,15525,0,5,935,744,1,
752,93,5594,481,88,1072,11.5,2.2,360,6.0,1.0,70,12,15.3,1291,4,4,8486,5,13,998,263,1,
1777,179,19175,820,1310,3687,20.6,4.4,1075,5.3,5.7,112,14,32.9,2302,83,12,22873,0,9,1740,531,1,
754,107,6344,549,88,1248,11.7,2.3,408,6.0,0.9,76,12,16.4,1454,4,4,9532,5,30,1126,283,1,
243,110,10392,724,77,1826,16.6,2.5,3344,24.3,0.4,104,17,17.6,1777,6,4,20585,4,6,1336,424,1,
244,108,9909,699,108,1748,16.2,2.5,3282,24.9,0.5,103,17,17.0,1651,8,5,19930,4,3,1241,396,1,
2294,167,16195,1070,258,3646,21.8,3.4,1383,7.9,1.1,149,25,24.5,3374,24,9,23347,8,48,1707,1555,1,
1271,80,6044,415,183,1102,13.8,2.7,205,3.3,2.4,57,5,19.3,929,10,9,7536,0,2,638,283,1,
2808,129,12106,703,797,2859,22.2,4.0,730,5.7,5.0,58,5,49.3,1733,36,8,15974,0,12,964,745,1,
2943,496,55174,3987,3755,11700,23.6,2.9,13252,19.4,4.6,335,29,34.9,8579,564,25,81620,1,19,3310,4917,0,
3836,262,34406,1785,1938,8009,30.6,4.5,8005,18.9,3.6,223,30,35.9,11907,129,39,53171,0,23,6874,4970,1,
3837,271,34466,1812,2235,7877,29.1,4.3,7628,18.1,4.2,230,29,34.2,12594,134,40,52905,0,24,6928,5609,1,
256,143,16354,796,1167,2940,20.6,3.7,3931,19.4,4.3,128,32,23.0,2478,52,14,26909,0,81,1451,939,0,
2817,77,8479,600,1305,1409,18.3,2.3,1321,13.5,9.8,66,13,21.3,763,57,18,13380,0,4,397,328,1,
3330,122,9808,689,272,1961,16.1,2.7,346,3.4,1.9,95,11,20.6,1334,13,8,14339,0,1,624,703,1,
2819,101,10728,726,2153,1646,16.3,2.3,1433,11.8,12.9,90,14,18.3,900,127,36,16751,0,4,445,418,1,
1284,335,29699,3049,767,7779,23.2,2.5,7899,21.0,1.5,292,26,26.6,8201,54,23,50275,18,84,5251,2791,1,
3333,351,18935,1725,116,3807,10.8,2.2,958,4.8,0.4,298,60,12.8,1698,8,7,31740,2,3,1243,450,1,
2945,496,55174,3987,3755,11700,23.6,2.9,13252,19.4,4.6,335,29,34.9,8579,564,25,81620,1,19,3310,4917,0,
3336,371,20024,1835,116,3984,10.7,2.2,1006,4.8,0.3,316,61,12.6,1782,8,7,33332,2,5,1287,488,1,
4055,294,38604,2190,8414,7711,26.2,3.4,4261,9.9,16.9,193,22,40.0,4476,618,70,49699,4,23,2734,1660,1,
2319,113,12595,626,2051,2391,21.2,3.8,293,2.3,13.6,57,6,41.9,2065,178,29,15029,0,18,1533,514,1,
1297,227,32472,3811,7359,8561,37.7,2.2,4469,12.1,17.6,62,6,138.1,4171,374,11,41828,0,7,2657,1491,1,
2322,110,12199,606,2003,2313,21.0,3.8,294,2.4,13.7,56,6,41.3,2000,174,28,14588,0,17,1467,516,1,
2836,1260,64609,7662,30527,19277,15.3,2.5,4698,6.8,35.5,142,16,135.8,11409,2424,27,86076,4,163,8385,2831,1,
2837,1260,64609,7662,30527,19277,15.3,2.5,4698,6.8,35.5,142,16,135.8,11409,2424,27,86076,4,163,8385,2831,1,
3862,374,42913,4309,6335,10931,29.2,2.5,6048,12.4,10.8,175,16,62.5,5815,297,20,58496,1,9,3667,2081,1,
3864,348,41119,4085,6323,10443,30.0,2.5,6192,13.1,11.1,162,16,64.5,5704,297,20,56774,1,9,3601,2028,1,
793,123,15750,1012,72,3564,29.0,3.4,169,1.1,0.4,98,19,36.4,1159,4,3,18047,3,12,629,498,1,
796,123,15882,1024,72,3609,29.3,3.4,169,1.1,0.4,98,19,36.8,1189,4,3,18195,3,11,635,523,1,
3034,201,20379,2192,1685,5276,26.2,2.4,5940,22.6,4.9,95,20,55.5,1640,50,21,34479,0,4,1243,316,1,
1669,87,8982,555,196,1873,21.5,3.4,2120,19.1,1.3,57,6,32.9,2460,8,4,14678,0,4,2165,272,1,
1776,172,18395,777,1256,3542,20.6,4.5,1064,5.5,5.7,109,14,32.5,2265,81,11,21984,0,9,1717,518,1,
802,101,9418,673,0,2117,21.0,3.1,921,8.9,0.0,79,11,26.8,1244,0,0,14513,0,27,796,416,1,
2339,144,12592,961,460,2513,17.5,2.5,1882,13.0,2.3,81,7,31.0,1601,26,11,19620,4,18,601,947,0,
804,101,9416,673,0,2117,21.0,3.1,921,8.9,0.0,79,11,26.8,1244,0,0,14511,0,27,796,416,1,
1829,603,50318,3933,2933,10524,17.5,2.7,6506,11.4,4.2,466,92,22.6,4716,134,51,70102,89,55,2480,2072,1,
1830,603,50318,3933,2933,10524,17.5,2.7,6506,11.4,4.2,466,92,22.6,4716,134,51,70102,89,55,2480,2072,1,
1831,603,50318,3933,2933,10524,17.5,2.7,6506,11.4,4.2,466,92,22.6,4716,134,51,70102,89,55,2480,2072,1,
1833,206,20220,1469,712,3860,18.7,2.6,3396,14.4,2.2,147,19,26.3,2354,30,16,31714,2,0,1769,443,1,
1834,206,20220,1469,712,3860,18.7,2.6,3396,14.4,2.2,147,19,26.3,2354,30,16,31714,2,0,1769,443,0,
2347,69,6833,523,173,1507,21.8,2.9,4333,38.8,1.2,66,8,22.8,1467,8,6,13851,0,7,742,709,1,
2348,70,6878,528,173,1517,21.7,2.9,4342,38.7,1.2,67,8,22.6,1470,8,6,13922,0,7,741,713,1,
4146,70,3339,360,0,631,9.0,1.7,368,9.9,0.0,65,18,9.7,189,0,0,5077,0,0,74,114,0,
2840,1260,64609,7662,30527,19277,15.3,2.5,4698,6.8,35.5,142,16,135.8,11411,2424,27,86075,4,163,8387,2831,1,
1839,197,10549,924,641,2109,10.7,2.3,1047,9.0,4.3,176,38,12.0,1252,17,8,14925,0,27,818,391,1,
1840,197,10457,919,641,2091,10.6,2.3,1043,9.1,4.3,176,38,11.9,1236,17,8,14817,0,25,810,385,1,
1067,206,18809,1345,174,4742,23.0,3.5,3151,14.3,0.6,149,24,31.8,2754,10,6,28462,3,24,2034,666,0,
1330,187,13114,769,419,2597,13.9,3.3,2642,16.8,2.2,83,7,31.3,1714,19,11,18926,0,8,914,773,0,
2090,356,17372,1546,809,3530,9.9,2.3,8104,31.8,1.9,219,18,16.1,1791,47,7,41727,1,19,1345,358,1,
1845,109,10800,634,1142,1744,16.0,2.7,2371,18.0,6.0,80,13,21.8,1019,39,16,19143,4,35,530,406,0,
1846,115,11643,677,914,1901,16.5,2.7,2590,18.2,4.4,84,13,22.6,1120,41,17,20625,4,34,621,408,0,
1847,109,10801,634,1142,1744,16.0,2.7,2365,18.0,6.0,80,13,21.8,1018,39,16,19139,4,38,526,406,0,
2873,1135,77818,7583,6058,19846,17.5,2.6,8464,9.8,5.2,747,79,26.6,11884,287,111,117258,10,43,9197,2610,0,
1338,251,18012,1243,1161,4363,17.4,3.5,736,3.9,4.3,153,25,28.5,3202,67,30,26967,70,31,2006,940,1,
2346,70,6890,529,173,1519,21.7,2.9,4342,38.7,1.2,67,8,22.7,1474,8,6,13936,0,7,745,713,1,
2876,1120,81199,7718,5939,20999,18.7,2.7,10002,11.0,4.8,717,75,29.3,12532,300,104,123487,10,42,9797,2657,0,
2878,1079,75377,7303,5875,19348,17.9,2.6,8302,9.9,5.2,708,70,27.3,11777,263,102,113792,10,42,9195,2507,0,
309,190,21372,1325,686,3688,19.4,2.7,9449,30.7,1.5,134,22,27.5,6131,22,16,45870,1,1,2552,3562,0,
321,313,31000,1729,1652,5598,17.9,3.2,3774,10.9,3.6,204,22,27.4,2861,74,36,45999,2,8,1579,1221,1,
837,339,33196,2282,2006,7133,21.0,3.0,2478,6.9,4.6,239,50,29.8,2867,205,31,43445,2,125,1749,969,1,
1505,148,8287,612,165,1495,10.1,2.3,1136,12.1,1.1,115,14,13.0,944,10,7,14446,1,51,499,375,1,
3400,236,10113,975,36,1656,7.0,1.6,460,4.4,0.2,210,38,7.9,867,2,2,17467,1,6,469,333,1,
2380,76,7309,591,191,1528,20.1,2.6,1571,17.7,1.6,57,14,26.8,1181,12,5,12094,0,1,539,638,1,
2893,370,24653,1883,3311,4725,12.8,2.5,1862,7.0,9.6,257,51,18.4,2458,191,60,34608,2,12,1675,767,0,
2894,347,22777,1700,3528,4379,12.6,2.5,1697,6.9,11.0,231,48,19.0,2274,197,59,32028,2,5,1568,697,1,
2895,231,16327,1285,401,3023,13.1,2.2,903,5.2,1.8,157,21,19.3,1170,32,13,22092,4,5,956,194,1,
1360,241,14368,977,564,2579,10.7,2.5,179,1.2,3.0,169,11,15.3,610,37,33,18814,1,0,445,163,1,
2091,356,17348,1547,809,3523,9.9,2.3,8057,31.7,1.9,219,18,16.1,1761,47,7,41645,1,19,1319,354,1,
2900,219,15264,1217,439,2852,13.0,2.2,830,5.2,2.1,143,17,19.9,1157,36,14,20622,4,6,911,223,1,
2023,66,4278,338,691,768,11.6,2.3,2689,38.6,6.2,60,12,12.8,666,29,13,11061,3,5,542,116,1,
2392,159,14832,1153,826,3764,23.7,3.2,1689,10.2,4.0,119,15,31.6,1644,47,21,20472,3,21,1103,464,1,
241,111,10640,737,77,1879,16.9,2.5,3413,24.3,0.4,104,17,18.1,1880,6,4,20985,4,6,1408,455,1,
2394,132,11911,942,939,2947,22.3,3.1,1493,11.1,5.7,98,14,30.1,1510,50,16,16617,2,19,997,431,1,
2396,159,14739,1149,826,3727,23.4,3.2,1687,10.3,4.1,119,15,31.3,1645,47,21,20371,3,21,1106,462,1,
826,345,33720,2331,2058,7268,21.1,3.0,2507,6.9,4.7,241,50,30.2,2924,207,32,44081,2,129,1786,985,1,
2913,342,25622,2327,748,6289,18.4,2.7,11097,30.2,1.6,296,85,21.2,2451,48,17,46705,3,55,1488,854,1,
866,716,51502,5166,2972,11971,16.7,2.3,7659,12.9,4.0,397,32,30.2,3386,130,62,74500,0,23,2148,1105,1,
2915,352,25636,2339,888,6294,17.9,2.7,10817,29.7,1.9,306,85,20.6,2427,56,21,46352,3,56,1467,850,1,
2404,479,39491,2805,1507,7519,15.7,2.6,3721,8.6,2.7,365,76,20.6,3451,85,39,55040,2,35,1608,1783,0,
2405,476,38737,2747,1459,7402,15.6,2.7,3618,8.5,2.7,364,76,20.3,3399,83,37,53899,2,35,1573,1765,0,
2406,478,38746,2751,1459,7402,15.5,2.7,3621,8.5,2.7,366,76,20.2,3399,83,37,53938,2,35,1573,1765,0,
3431,187,16510,1531,617,3382,18.1,2.2,810,4.7,2.6,149,12,22.7,831,44,20,23397,0,1,555,246,1,
3946,74,6143,368,461,1082,14.6,2.9,920,13.0,4.7,64,12,16.9,1093,40,15,9885,0,10,747,327,1,
3947,74,6261,370,461,1097,14.8,3.0,939,13.0,4.6,64,12,17.1,1108,40,15,10035,0,10,761,328,1,
2089,344,15498,1474,809,3201,9.3,2.2,7539,32.7,2.1,208,16,15.4,1241,47,7,38770,1,0,920,258,1,
2706,154,12890,970,58,2781,18.1,2.8,1305,9.2,0.3,130,19,21.4,1416,7,5,17178,3,7,870,491,0,
488,84,6738,494,46,1386,16.5,2.6,407,5.7,0.5,56,14,24.8,666,4,4,9521,0,29,456,161,1,
1298,227,32473,3811,7359,8561,37.7,2.2,4469,12.1,17.6,62,6,138.1,4172,374,11,41829,0,7,2657,1492,1,
374,278,18679,1551,2616,3499,12.6,2.3,715,3.7,11.1,245,26,14.3,2221,159,69,23554,1,33,1461,714,1,
375,266,17806,1496,2563,3373,12.7,2.3,747,4.0,11.3,237,25,14.2,2128,151,66,22725,2,32,1396,686,1,
888,113,7235,581,749,2129,18.8,3.6,2244,23.7,5.7,100,12,21.3,1468,43,15,13232,0,1,852,615,0,
889,209,19771,2142,1709,4986,23.9,2.3,5408,21.5,5.1,107,22,46.6,1569,44,23,33447,0,3,1225,320,1,
4285,147,15093,997,343,3411,23.2,3.0,1352,8.2,1.6,89,12,38.3,2453,18,8,21473,2,35,1720,677,1,
379,267,17843,1501,2611,3403,12.7,2.3,763,4.1,11.4,241,24,14.1,2117,158,68,22808,2,31,1391,681,1,
380,128,5476,504,42,1118,8.7,2.2,257,4.5,0.6,94,4,11.9,853,2,2,7256,0,1,356,491,1,
3455,112,8156,741,59,1784,15.9,2.4,1467,15.2,0.5,83,7,21.5,2733,4,4,12239,1,25,1852,849,0,
2944,496,55174,3987,3755,11700,23.6,2.9,13252,19.4,4.6,335,29,34.9,8579,564,25,81620,1,19,3310,4917,0,
897,414,27722,2296,1832,5844,14.1,2.5,4702,14.5,4.1,351,50,16.6,6799,87,39,44673,28,9,4575,2148,0,
1771,117,8158,549,1454,1287,11.0,2.2,867,9.6,12.6,103,19,12.5,958,90,24,11513,0,10,703,242,0,
3462,320,28364,2311,3357,6378,19.9,2.7,3919,12.1,7.9,183,20,34.9,3037,119,26,42524,10,35,1857,1014,1,
3463,322,28238,2295,2222,6376,19.8,2.7,3957,12.3,5.2,183,21,34.8,3183,93,22,42606,10,36,1994,1029,1,
904,430,28553,2359,1832,6113,14.2,2.6,4706,14.1,4.0,365,50,16.7,6980,87,39,46006,28,13,4720,2180,0,
2954,100,7224,563,96,1648,16.5,2.8,916,11.3,0.9,77,2,21.4,885,4,2,11073,0,4,589,286,1,
1005,112,8514,618,121,1366,12.2,2.2,3011,26.1,0.7,112,20,12.2,1526,6,5,18055,4,5,1169,341,1,
3457,358,34192,2616,1814,7632,21.3,2.9,5147,13.1,3.5,195,21,39.1,4706,76,23,52409,14,43,3224,1288,1,
152,91,8892,504,114,1819,20.0,3.6,1577,15.1,0.9,57,6,31.9,1130,10,6,13237,2,44,683,368,0,
4163,151,13852,778,851,2893,19.2,3.6,1160,7.7,4.4,103,15,28.1,2678,71,19,19382,0,69,2177,429,1,
1774,172,18403,777,1256,3544,20.6,4.5,1064,5.5,5.7,109,14,32.5,2270,81,11,21993,0,9,1722,518,1,
1689,110,12887,612,2122,2608,23.7,4.2,1185,8.4,12.4,67,19,38.9,2021,136,20,17135,1,9,1628,364,1,
495,255,25028,2720,2244,6416,25.2,2.3,6678,21.1,5.4,128,18,50.1,2000,70,30,41929,5,3,1459,456,1,
1952,140,10217,872,730,2007,14.3,2.3,691,6.3,5.2,76,7,26.4,1403,48,18,14098,0,41,815,541,1,
417,71,5134,367,38,940,13.2,2.5,1449,22.0,0.4,60,13,15.7,969,2,2,9401,0,21,518,420,0,
2537,110,9745,797,785,2460,22.4,3.0,6172,38.8,3.7,96,11,25.6,1235,31,13,21471,0,7,793,393,1,
1445,115,9250,630,495,1714,14.9,2.7,2429,20.8,2.9,85,14,20.2,1050,37,15,17315,3,9,673,339,1,
3494,271,32692,1740,1803,7510,27.7,4.3,7921,19.5,3.5,220,28,34.1,11608,122,37,51200,0,21,6612,4935,1,
753,107,6344,549,88,1241,11.6,2.2,407,6.0,0.9,76,12,16.3,1454,4,4,9531,5,30,1127,282,1,
4010,98,6546,514,122,1348,13.8,2.6,962,12.8,1.3,66,14,20.4,675,4,4,9734,1,4,473,195,0,
896,414,27696,2295,1832,5834,14.1,2.5,4701,14.5,4.1,351,50,16.6,6796,87,39,44640,28,9,4574,2146,0,
4013,99,6655,517,122,1363,13.8,2.6,972,12.7,1.2,67,14,20.3,678,4,4,9886,1,4,471,198,0,
4014,101,6847,531,98,1402,13.9,2.6,989,12.6,1.0,68,14,20.6,696,4,4,10144,1,4,479,207,0,
2992,732,46905,4231,709,12953,17.7,3.0,1141,2.4,1.1,554,72,23.4,7134,36,21,66090,21,109,3155,3724,1,
2993,861,53315,4761,811,14489,16.8,3.0,1171,2.1,1.1,631,85,23.0,7853,41,24,74991,34,122,3536,4027,1,
1012,160,14617,922,275,2824,17.7,3.1,996,6.4,1.4,109,14,25.9,999,12,9,19783,0,8,559,397,1,
1974,166,17664,1096,767,3617,21.8,3.3,2924,14.2,2.7,109,22,33.2,1403,52,13,28316,4,14,900,399,1,
3511,207,20826,1496,411,4543,21.9,3.0,936,4.3,1.4,162,14,28.0,1459,30,20,28604,34,5,766,646,1,
3513,204,20158,1452,381,4386,21.5,3.0,929,4.4,1.4,159,14,27.6,1402,28,19,27780,34,5,731,624,1,
867,739,51826,5172,2901,11863,16.1,2.3,7651,12.9,3.9,407,31,29.1,3481,125,54,74947,0,27,2128,1206,1,
4029,180,30163,1397,522,6473,36.0,4.6,5072,14.4,1.2,94,8,68.9,2271,28,12,42396,0,3,1229,938,1,
3518,107,7007,467,1235,942,8.8,2.0,362,4.9,13.3,79,15,11.9,908,76,21,9281,0,34,631,238,1,
3519,105,6779,453,1204,904,8.6,2.0,344,4.8,13.4,78,15,11.6,872,54,20,8985,0,32,624,211,1,
3521,105,6758,453,1204,901,8.6,2.0,344,4.8,13.4,78,15,11.6,871,54,20,8959,0,32,624,210,1,
450,87,3886,320,0,786,9.0,2.5,245,5.9,0.0,71,16,11.2,332,0,0,5496,0,2,193,125,1,
1476,90,4941,339,61,1107,12.3,3.3,404,7.6,0.9,56,4,19.8,879,4,3,6907,0,0,594,283,1,
3013,731,46528,4206,709,12861,17.6,3.0,1103,2.3,1.1,554,71,23.2,7076,36,21,65634,21,109,3123,3698,1,
455,166,21935,1047,1195,4095,24.7,3.6,1578,6.7,4.2,123,19,33.3,5727,59,33,28661,4,67,4267,1358,0,
456,160,21427,984,1014,3996,25.0,3.7,1455,6.4,3.7,115,19,34.7,5610,51,29,27696,4,62,4185,1329,0,
3916,74,4041,426,138,808,10.9,1.9,326,7.5,2.4,66,13,12.2,481,8,7,5664,2,0,363,102,1,
458,166,21921,1047,1195,4093,24.7,3.6,1578,6.7,4.2,123,19,33.3,5717,59,33,28647,4,65,4261,1356,0,
3917,72,3922,421,164,796,11.1,1.9,254,6.1,3.0,64,12,12.4,465,10,9,5430,2,0,347,102,1,
1008,118,9539,674,152,1587,13.4,2.3,3246,25.4,0.8,117,21,13.6,1708,8,6,19786,4,5,1282,410,1,
2513,474,39187,2785,1603,8694,18.3,3.0,14001,26.3,2.3,233,19,37.3,6976,91,32,70019,7,19,4746,2152,1,
3625,276,31580,2253,679,8789,31.8,3.9,3743,10.6,1.7,121,9,72.6,7191,42,16,39363,1,10,4400,2749,1,
1699,827,88530,7159,8571,24094,29.1,3.3,20807,19.0,6.3,602,33,40.0,23549,463,148,136072,43,113,15840,7399,1,
3016,731,46634,4212,709,12881,17.6,3.0,1103,2.3,1.1,554,71,23.3,7084,36,21,65749,21,109,3125,3704,1,
3918,68,3391,375,0,688,10.1,1.8,201,5.6,0.0,60,12,11.5,395,0,0,4710,2,0,288,94,1,
1343,254,17879,1242,1103,4313,17.0,3.4,723,3.9,4.1,154,25,28.0,3155,65,29,26790,62,22,1987,935,1,
4058,317,42453,2362,10026,8535,26.9,3.5,4251,9.1,18.6,207,23,41.2,4857,724,79,53975,5,31,2991,1777,1,
4059,322,42910,2388,11083,8614,26.8,3.5,4355,9.2,20.3,210,24,41.0,5044,731,83,54639,5,31,3054,1901,1,
3272,79,8187,569,271,1628,20.6,2.7,887,9.8,2.5,68,7,23.9,1100,32,5,10886,24,19,629,416,0,
2914,332,26516,2368,905,6508,19.6,2.7,11633,30.5,1.8,286,87,22.8,2577,61,25,48922,4,61,1519,943,1,
2896,230,16307,1280,401,3013,13.1,2.2,895,5.2,1.8,156,20,19.3,1186,32,13,22031,4,5,956,211,1,
1506,147,8273,609,165,1491,10.1,2.3,1133,12.0,1.1,115,14,13.0,949,10,7,14427,1,51,501,378,1,
1507,143,7799,584,165,1397,9.8,2.2,1089,12.3,1.2,113,14,12.4,880,10,7,13727,1,49,479,335,1,
4071,137,11415,1040,273,2746,20.0,2.6,1227,9.7,1.8,64,5,42.9,1192,20,8,15219,4,5,784,385,1,
4072,147,12266,1091,468,2921,19.9,2.6,1301,9.6,2.9,69,5,42.3,1336,32,15,16358,4,6,836,434,1,
4073,147,12266,1091,468,2921,19.9,2.6,1301,9.6,2.9,69,5,42.3,1336,32,15,16358,4,6,836,434,1,
2538,110,9735,798,785,2461,22.4,3.0,6171,38.8,3.7,96,11,25.6,1234,31,13,21463,0,7,790,393,1,
1447,121,9618,655,595,1764,14.6,2.7,2458,20.4,3.3,90,15,19.6,1100,41,17,17896,3,13,700,358,1,
1517,212,21301,1596,3831,4657,22.0,2.9,5646,21.0,10.1,146,22,31.9,1208,224,42,37938,3,3,659,535,1,
1006,122,10154,730,170,1720,14.1,2.3,3350,24.8,0.8,118,21,14.6,1722,10,7,20748,1,2,1299,413,1,
1277,335,29684,3049,767,7773,23.2,2.5,7897,21.0,1.5,292,26,26.6,8197,54,23,50257,18,84,5247,2791,1,
496,265,24891,2027,2477,5317,20.1,2.6,6195,19.9,6.0,201,27,26.5,4194,142,48,41124,1,43,2387,1697,0,
497,256,23295,1882,2469,4920,19.2,2.6,6185,21.0,6.3,192,25,25.6,3910,130,38,38938,1,43,2154,1664,0,
3571,216,12598,1136,1233,2132,9.9,1.9,546,4.2,8.0,162,12,13.2,1413,67,48,15430,0,1,700,704,1,
3572,216,12556,1136,1225,2127,9.8,1.9,546,4.2,8.0,162,12,13.1,1408,67,48,15379,0,1,702,697,1,
1525,278,30608,2728,5277,7139,25.7,2.5,6735,18.0,10.9,152,24,47.0,3225,174,60,48494,0,21,2008,1111,1,
1015,161,14812,926,512,2866,17.8,3.1,1004,6.3,2.6,110,14,26.1,1005,18,11,20027,0,8,563,399,1,
2806,126,11977,667,860,2800,22.2,4.1,730,5.7,5.4,57,5,49.1,1718,42,8,15800,0,5,949,753,1,
1333,251,18021,1244,1161,4362,17.4,3.5,736,3.9,4.3,153,25,28.5,3200,67,30,26979,70,31,2004,940,1,
1841,197,10549,924,641,2109,10.7,2.3,1047,9.0,4.3,176,38,12.0,1251,17,8,14925,0,27,818,390,1,


